,max_score,min_score,count,mean_score
youtube.com,70,-21,2883,3.4831772459243844
wikipedia.org,48,-11,1159,4.01725625539258
imgur.com,59,-14,855,5.0
youtu.be,37,-5,737,3.4260515603799186
sli.mg,76,-3,600,8.51
reddit.com,80,-10,556,3.2931654676258995
pastebin.com,87,-13,433,4.4110854503464205
wordpress.com,134,-11,384,3.3229166666666665
twitter.com,69,-17,289,6.615916955017301
blogspot.com,37,0,181,3.6298342541436464
archive.is,49,-4,159,9.30188679245283
notpoliticallycorrect.me,18,-2,132,3.0681818181818183
dailystormer.com,61,0,121,5.636363636363637
therightstuff.biz,38,-8,116,2.8793103448275863
amazon.com,21,-7,109,3.541284403669725
google.com,27,-6,108,3.3425925925925926
nih.gov,23,-6,105,4.504761904761905
thealternativehypothesis.org,20,0,90,2.988888888888889
twimg.com,45,1,84,7.654761904761905
archive.org,45,-1,82,3.6951219512195124
wikimedia.org,19,-7,80,3.2
kym-cdn.com,25,-6,68,5.073529411764706
biblegateway.com,11,-4,66,1.3636363636363635
dailymail.co.uk,19,-3,66,3.9696969696969697
biblehub.com,12,-1,63,1.253968253968254
nature.com,21,-2,61,3.7868852459016393
tubeunblock.org,23,0,60,3.0166666666666666
counter-currents.com,38,0,59,3.694915254237288
unz.com,18,-2,55,3.3454545454545452
polsy.org.uk,9,0,55,2.381818181818182
bjs.gov,19,1,51,6.431372549019608
breitbart.com,27,-6,51,4.784313725490196
nytimes.com,18,0,48,3.4583333333333335
soundcloud.com,21,1,46,2.608695652173913
ytimg.com,20,-12,45,3.7777777777777777
pinimg.com,19,-1,45,4.133333333333334
sciencedirect.com,21,-2,44,5.204545454545454
tumblr.com,21,-1,41,4.2926829268292686
theoccidentalobserver.net,38,0,40,5.6
nationalists.org,13,0,39,4.153846153846154
udel.edu,21,1,39,6.666666666666667
amren.com,38,1,39,3.5384615384615383
radixjournal.com,38,0,37,5.594594594594595
telegraph.co.uk,21,0,37,4.27027027027027
facebook.com,24,1,36,4.805555555555555
theguardian.com,29,-1,33,4.363636363636363
archive.fo,31,1,33,7.242424242424242
wiley.com,23,1,32,8.0
amerika.org,14,0,31,2.225806451612903
cdc.gov,21,-1,31,7.548387096774194
github.com,7,0,31,1.7419354838709677
fbi.gov,19,0,30,5.766666666666667
davidduke.com,6,0,30,2.0
thezog.info,29,0,28,5.357142857142857
uwo.ca,21,1,27,8.074074074074074
northwestfront.org,2,1,27,1.0740740740740742
discovermagazine.com,18,1,27,3.3333333333333335
redd.it,45,1,27,7.333333333333333
washingtonpost.com,15,0,27,3.5925925925925926
vdare.com,38,0,25,4.68
redice.tv,19,0,24,2.1666666666666665
rcpsych.org,21,1,24,9.125
cnn.com,21,0,24,4.125
voat.co,9,1,24,3.8333333333333335
google.ca,19,1,24,5.166666666666667
emilkirkegaard.dk,19,1,23,9.26086956521739
dissidentright.com,13,1,22,3.3181818181818183
giphy.com,15,-1,21,3.619047619047619
vimeo.com,12,-13,21,2.5238095238095237
independent.co.uk,11,-6,21,3.4285714285714284
4plebs.org,37,1,21,7.285714285714286
theindependentaustralian.com.au,21,1,21,10.285714285714286
kevinmacdonald.net,29,1,20,7.25
ssrn.com,140,-10,20,10.3
bbc.com,12,-1,20,2.8
newobserveronline.com,23,-5,20,3.85
timesofisrael.com,18,-1,20,4.2
8ch.net,10,-4,19,2.8947368421052633
ed.gov,21,1,19,9.157894736842104
amazonaws.com,17,0,19,5.421052631578948
liveleak.com,23,0,19,3.1052631578947367
stormfront.org,4,0,19,1.5789473684210527
springer.com,21,1,19,7.842105263157895
truthjustice.net,13,1,19,6.368421052631579
renegadetribune.com,8,-4,18,2.388888888888889
haaretz.com,26,1,17,3.0
forward.com,38,1,17,5.470588235294118
latimes.com,21,1,17,5.823529411764706
livescience.com,23,1,16,7.0
iq-research.info,11,1,16,3.0
pewresearch.org,24,-11,16,5.5
socialmatter.net,13,0,16,2.6875
ceddit.com,40,1,16,6.6875
fjcdn.com,11,1,16,3.4375
sciencedaily.com,19,0,15,3.4
slate.com,15,1,15,5.4
frontpagemag.com,18,0,15,7.266666666666667
nocookie.net,8,1,15,3.0
postimg.org,16,-7,15,3.4
rationalwiki.org,3,-6,15,-0.3333333333333333
vancouversun.com,14,1,14,4.928571428571429
humanbiologicaldiversity.com,7,1,14,3.4285714285714284
metapedia.org,10,1,14,3.4285714285714284
foxnews.com,19,1,14,4.428571428571429
jbhe.com,21,1,14,8.642857142857142
thedailybeast.com,7,0,14,2.5714285714285716
kidscount.org,19,1,14,9.714285714285714
subtletv.com,4,0,14,1.3571428571428572
israelnationalnews.com,18,2,14,5.928571428571429
huffingtonpost.com,22,1,14,4.857142857142857
time.com,18,1,14,5.642857142857143
colorofcrime.com,18,2,13,7.846153846153846
rense.com,6,1,13,2.3846153846153846
bbc.co.uk,35,0,13,5.846153846153846
businessinsider.com,45,0,13,6.461538461538462
onsizzle.com,13,0,12,6.0
ifcdn.com,8,1,12,2.8333333333333335
angelfire.com,17,0,12,3.9166666666666665
express.co.uk,6,0,12,2.1666666666666665
buket.pw,5,0,12,1.9166666666666667
thegreateststorynevertold.tv,18,0,12,4.833333333333333
researchgate.net,6,0,12,1.5
dailycaller.com,31,1,12,7.916666666666667
pnas.org,21,1,12,6.75
4chan.org,13,0,12,3.5833333333333335
plos.org,7,1,12,1.9166666666666667
reuters.com,5,-1,12,1.5833333333333333
snopes.com,13,-1,12,3.5
oxfordjournals.org,15,1,12,4.583333333333333
pbs.org,12,-28,12,1.9166666666666667
umich.edu,21,1,11,7.090909090909091
boston.com,21,1,11,8.454545454545455
faithandheritage.com,6,0,11,2.0
yahoo.com,10,1,11,3.727272727272727
surrey.ac.uk,21,1,11,7.545454545454546
npr.org,10,-2,11,3.0
nbcnews.com,13,0,11,3.727272727272727
biblebelievers.org.au,3,1,11,1.7272727272727273
wikileaks.org,8,1,11,3.5454545454545454
redpanels.com,7,3,10,4.2
columbia.edu,21,1,10,7.5
mozilla.org,4,0,10,1.2
gatestoneinstitute.org,16,1,10,4.2
jim.com,15,0,10,2.8
returnofkings.com,19,0,10,5.1
goodreads.com,5,1,10,1.7
altright.download,4,1,10,1.9
wikiislam.net,8,1,10,4.1
takimag.com,15,1,10,5.9
instagram.com,11,1,10,5.3
tinypic.com,19,1,10,3.3
harvard.edu,12,1,10,4.9
nypost.com,17,1,10,5.3
eupedia.com,16,1,10,2.7
fivethirtyeight.com,21,0,10,7.5
northwestfront.net,1,1,9,1.0
ihr.org,15,1,9,4.777777777777778
blogspot.com.au,4,-3,9,1.1111111111111112
identityevropa.com,11,1,9,3.4444444444444446
imgflip.com,18,1,9,6.777777777777778
mirror.co.uk,27,1,9,5.0
vid.me,5,-1,9,1.7777777777777777
divine-truth.org,17,1,9,7.777777777777778
quora.com,18,0,9,3.4444444444444446
infogalactic.com,16,1,9,5.555555555555555
mpcdot.com,5,1,9,2.111111111111111
encyclopediadramatica.se,14,1,9,4.777777777777778
aphapublications.org,21,1,9,8.222222222222221
wga.hu,3,0,9,1.4444444444444444
photobucket.com,13,-1,9,3.2222222222222223
balder.org,10,0,9,3.3333333333333335
redditmetrics.com,10,1,9,5.555555555555555
cloudfront.net,8,-3,8,2.5
usatoday.com,6,1,8,2.5
calvin.edu,8,1,8,2.625
blogspot.co.uk,6,-2,8,1.125
conservative-headlines.com,8,0,8,2.5
discord.gg,10,0,8,2.375
google.de,2,-2,8,0.75
streamable.com,7,1,8,2.75
citylab.com,21,1,8,9.125
geohive.com,20,1,8,6.5
gyazo.com,9,1,8,4.0
cbc.ca,3,1,8,2.125
unamusementpark.com,14,1,8,6.125
fbcdn.net,34,1,8,17.625
,3,1,8,1.75
nationalgeographic.com,4,1,8,1.625
benthamopen.com,19,1,8,8.875
psychologytoday.com,7,1,8,2.875
reddituploads.com,47,0,8,9.5
kidsdata.org,9,3,8,6.0
xkcd.com,6,1,8,2.125
ku.dk,21,1,8,9.125
rt.com,41,1,8,7.25
msu.edu,21,1,8,9.125
xenosystems.net,4,1,8,2.5
apa.org,21,1,8,5.375
anonymousconservative.com,6,1,8,2.5
royalsocietypublishing.org,8,1,8,2.25
propertarianism.com,6,0,7,2.5714285714285716
mises.org,9,1,7,2.857142857142857
codoh.com,3,0,7,1.7142857142857142
thetruthseeker.co.uk,6,1,7,3.4285714285714284
pewsocialtrends.org,13,0,7,2.4285714285714284
nationalreview.com,16,1,7,7.285714285714286
realjewnews.com,3,0,7,1.0
jpost.com,11,1,7,3.5714285714285716
thereligionofpeace.com,7,1,7,2.4285714285714284
wikia.com,5,1,7,2.857142857142857
stanford.edu,3,2,7,2.7142857142857144
eyeonsociety.co.uk,19,1,7,9.714285714285714
politicalcompass.org,4,1,7,1.7142857142857142
wsj.com,31,1,7,9.571428571428571
ethnicelebs.com,7,1,7,4.285714285714286
gwern.net,6,1,7,2.7142857142857144
google.co.uk,1,1,7,1.0
jewishquarterly.org,9,1,7,4.285714285714286
pewforum.org,5,1,7,2.5714285714285716
weebly.com,11,1,7,2.5714285714285716
deviantart.net,6,2,7,3.2857142857142856
frc.org,8,-2,7,3.7142857142857144
theatlantic.com,10,1,7,4.714285714285714
imdb.com,7,1,7,3.142857142857143
scientificamerican.com,8,-30,7,-2.142857142857143
counterpunch.org,2,2,7,2.0
ironmarch.org,8,0,7,2.5714285714285716
frontiersin.org,19,1,7,9.714285714285714
blogspot.ca,63,0,7,10.571428571428571
americanthinker.com,12,1,7,3.5714285714285716
pbsrc.com,10,1,7,3.7142857142857144
medium.com,12,2,7,5.285714285714286
thejewishalternative.com,7,1,7,2.2857142857142856
mileswmathis.com,10,1,7,4.428571428571429
inconvenienthistory.com,2,-2,7,1.0
bloomberg.com,14,1,7,6.571428571428571
fashthenation.com,5,1,7,2.4285714285714284
discordapp.com,9,1,7,2.857142857142857
prntscr.com,7,1,6,4.166666666666667
gettyimages.com,4,1,6,2.5
wp.com,7,1,6,2.6666666666666665
princeton.edu,18,2,6,5.833333333333333
mit.edu,9,1,6,3.3333333333333335
reason.com,29,1,6,7.5
radd.it,3,1,6,1.6666666666666667
freenortherner.com,4,1,6,2.1666666666666665
go.com,28,1,6,8.166666666666666
christianityandrace.org,6,1,6,2.3333333333333335
urbandictionary.com,16,1,6,4.333333333333333
cis.org,6,-1,6,2.0
scribd.com,10,1,6,3.0
ynetnews.com,3,0,6,1.1666666666666667
adl.org,3,0,6,1.3333333333333333
irishtimes.com,6,0,6,1.8333333333333333
slatestarcodex.com,6,1,6,3.3333333333333335
oxforddictionaries.com,7,1,6,2.1666666666666665
israelect.com,7,1,6,4.0
no.com,11,2,6,4.5
netdna-cdn.com,34,1,6,11.5
webmd.com,6,0,6,1.1666666666666667
huffpost.com,7,-6,6,1.6666666666666667
people-press.org,5,1,6,2.6666666666666665
redditmedia.com,7,1,6,2.6666666666666665
holocaustdeprogrammingcourse.com,4,1,6,2.1666666666666665
starecat.com,19,1,6,4.5
economist.com,4,1,6,2.1666666666666665
jewwatch.com,8,2,6,3.3333333333333335
bbci.co.uk,3,1,6,2.0
ekospolitics.com,21,1,6,4.666666666666667
narod.ru,10,3,6,6.0
jshell.net,3,1,6,1.3333333333333333
great-replacement.com,9,2,6,3.6666666666666665
jta.org,10,1,6,3.6666666666666665
whitegenocideproject.com,9,2,6,5.166666666666667
brookings.edu,9,-3,6,1.8333333333333333
ucla.edu,15,1,5,6.0
okcupid.com,15,1,5,5.6
prometheism.net,3,1,5,2.0
zerohedge.com,3,1,5,2.0
coopercenter.org,4,1,5,2.6
about.com,3,1,5,2.0
wnd.com,2,1,5,1.2
periscope.tv,3,2,5,2.8
un.org,12,2,5,4.8
census.gov,7,1,5,3.4
merriam-webster.com,7,1,5,2.4
thegatewaypundit.com,8,-1,5,3.2
aljazeera.com,2,1,5,1.4
geneticliteracyproject.org,14,1,5,6.4
marchofthetitans.com,5,1,5,2.0
arxiv.org,3,0,5,1.2
googleusercontent.com,43,1,5,12.0
gstatic.com,12,2,5,4.2
jstor.org,18,2,5,7.0
barenakedislam.com,3,1,5,1.6
jrbooksonline.com,26,3,5,12.4
henrymakow.com,13,1,5,5.2
ropeculture.org,6,1,5,2.0
veteranstoday.com,4,1,5,2.2
vine.co,6,1,5,4.2
holodomorinfo.com,10,0,5,3.0
smoloko.com,9,0,5,3.4
izquotes.com,12,2,5,6.2
washingtontimes.com,5,1,5,3.2
scirp.org,2,1,5,1.4
infowars.com,2,1,5,1.4
knowyourmeme.com,9,1,5,5.0
sciencemag.org,3,0,5,2.0
gawker.com,8,1,5,2.8
germanvictims.com,2,0,5,0.8
wintersonnenwende.com,7,1,5,2.8
wikisource.org,5,2,5,3.4
rawstory.com,2,-1,5,0.8
lmgtfy.com,2,1,5,1.2
holocausthandbooks.com,3,0,4,1.5
gatesofvienna.net,6,1,4,2.75
i-cias.com,2,1,4,1.5
newrepublic.com,2,0,4,1.25
dilbert.com,3,1,4,1.5
gallup.com,7,1,4,2.75
sagepub.com,5,-1,4,1.25
newsweek.com,5,1,4,3.0
globalresearch.ca,6,1,4,2.5
nber.org,7,1,4,3.5
iastate.edu,8,3,4,4.75
npiamerica.org,30,4,4,12.75
daveramsey.com,3,1,4,2.0
darkmoon.me,8,1,4,4.0
dailywire.com,20,0,4,6.0
qz.com,11,1,4,4.5
tgsnt.tv,8,0,4,3.0
nydailynews.com,17,2,4,5.75
infostormer.com,14,1,4,5.0
salon.com,11,1,4,4.5
spectator.co.uk,9,3,4,4.75
jewishjournal.com,6,2,4,4.0
stackexchange.com,7,0,4,3.5
motherjones.com,7,1,4,2.5
politico.com,7,0,4,2.5
thelocal.de,3,-5,4,0.5
latlmes.com,7,1,4,3.75
judas.watch,4,1,4,2.5
swri.edu,1,-3,4,0.0
tabletmag.com,18,1,4,7.0
phys.org,10,1,4,3.75
national-action.info,3,1,4,2.0
quoracdn.net,30,1,4,8.5
knoxnews.com,9,2,4,4.0
ssl-images-amazon.com,8,-3,4,3.0
squarespace.com,6,0,4,2.0
splcenter.org,15,1,4,5.25
livejournal.com,8,2,4,5.25
dukeforsenate.com,8,0,4,3.0
mic.com,12,1,4,6.75
spiegel.de,18,1,4,7.0
nationalvanguard.org,5,2,4,3.0
history.com,1,0,4,0.75
heretical.com,5,1,4,2.0
gab.ai,5,2,4,3.0
aei.org,28,1,4,8.5
advocate.com,3,1,4,1.75
azquotes.com,10,1,4,4.75
american-vanguard.org,17,1,4,5.5
change.org,9,1,4,4.0
cbsnews.com,5,1,4,2.75
uncw.edu,1,0,4,0.75
cbslocal.com,8,3,4,6.25
4cdn.org,6,1,4,3.5
britannica.com,2,1,4,1.75
cinemablend.com,5,3,4,4.0
buzzfeed.com,2,1,4,1.25
bibliotecapleyades.net,2,1,4,1.5
illumina.com,3,1,3,1.6666666666666667
ramzpaul.com,4,2,3,3.0
iltalehti.fi,6,2,3,3.3333333333333335
truedemocracyparty.net,1,0,3,0.6666666666666666
rainn.org,1,1,3,1.0
news-medical.net,10,4,3,6.0
vox.com,1,-10,3,-2.6666666666666665
thephora.net,1,-2,3,0.0
ucdavis.edu,7,3,3,4.666666666666667
theonion.com,4,1,3,2.3333333333333335
emory.edu,7,2,3,3.6666666666666665
vox-cdn.com,1,1,3,1.0
cnsnews.com,2,-2,3,0.3333333333333333
buchanan.org,15,2,3,6.666666666666667
theroot.com,7,1,3,3.6666666666666665
yourlogicalfallacyis.com,7,0,3,2.6666666666666665
duckduckgo.com,21,1,3,8.0
informationliberation.com,36,1,3,17.0
mondoweiss.net,29,3,3,12.0
biorxiv.org,4,2,3,3.0
indiana.edu,15,2,3,6.333333333333333
gotnews.com,5,3,3,4.0
medicaldaily.com,2,0,3,1.0
liberalismisasin.com,3,1,3,2.3333333333333335
imgwykop.pl,2,1,3,1.6666666666666667
randalolson.com,1,1,3,1.0
fox32chicago.com,52,3,3,31.666666666666668
mediabiasfactcheck.com,1,-6,3,-2.3333333333333335
ancient-origins.net,1,1,3,1.0
professorwatchlist.org,7,1,3,3.6666666666666665
academia.edu,1,0,3,0.3333333333333333
ibtimes.com,1,1,3,1.0
prothink.com,3,0,3,1.3333333333333333
fordham.edu,2,2,3,2.0
nationalpost.com,9,2,3,5.333333333333333
virabuz.com,1,0,3,0.6666666666666666
heavy.com,11,2,3,5.0
hollywoodreporter.com,4,1,3,3.0
fightwhitegenocide.com,3,0,3,1.3333333333333333
nasa.gov,11,-12,3,0.0
cheekyvideos.net,3,0,3,1.3333333333333333
philly.com,8,7,3,7.333333333333333
historyplace.com,7,2,3,4.0
vice.com,2,1,3,1.3333333333333333
vho.org,25,2,3,9.666666666666666
quickmeme.com,7,1,3,3.0
fathers.com,2,1,3,1.3333333333333333
spunk.org,7,1,3,3.3333333333333335
bop.gov,1,1,3,1.0
virginia.edu,2,1,3,1.3333333333333333
thehill.com,3,1,3,2.3333333333333335
pinknews.co.uk,3,1,3,2.0
blogspot.de,3,2,3,2.3333333333333335
blindlight.org,8,-19,3,-3.3333333333333335
freedomainradio.com,1,1,3,1.0
forbes.com,3,2,3,2.3333333333333335
radford.edu,7,1,3,3.0
brothernathanaelchannel.com,3,0,3,1.3333333333333333
staticflickr.com,29,3,3,14.333333333333334
psychologicalscience.org,1,0,3,0.3333333333333333
africacheck.org,9,1,3,3.6666666666666665
thelocal.dk,3,2,3,2.6666666666666665
anonm.gr,7,1,3,3.6666666666666665
msn.com,5,1,3,2.3333333333333335
theintercept.com,6,1,3,3.3333333333333335
marginalrevolution.com,7,2,3,3.6666666666666665
ew.com,5,3,3,3.6666666666666665
apple.com,4,1,3,3.0
infoplease.com,6,1,3,3.6666666666666665
theverge.com,5,3,3,3.6666666666666665
tomatobubble.com,2,1,3,1.3333333333333333
dailymotion.com,2,0,3,1.3333333333333333
beforeitsnews.com,3,0,3,1.0
teachingamericanhistory.org,1,1,3,1.0
kinja-img.com,2,1,3,1.6666666666666667
gizmodo.com,5,3,3,3.6666666666666665
gctelegram.com,2,2,3,2.0
jewishcurrents.org,2,1,3,1.3333333333333333
fusion.net,3,1,3,2.3333333333333335
inquisitr.com,3,1,3,1.6666666666666667
asiarussia.ru,5,1,3,2.6666666666666665
dartmouth.edu,-2,-6,3,-4.666666666666667
gofile.io,1,1,3,1.0
jack-donovan.com,15,1,3,6.0
meme.am,12,1,3,4.666666666666667
jewishvirtuallibrary.org,1,1,3,1.0
cosmopolitan.com,5,1,3,3.6666666666666665
becandid.com,3,1,3,1.6666666666666667
atlantablackstar.com,2,1,3,1.6666666666666667
dailydot.com,18,2,3,9.333333333333334
nyc.gov,3,1,3,2.3333333333333335
jihadwatch.org,3,1,3,1.6666666666666667
rollingstone.com,2,1,3,1.6666666666666667
nymag.com,5,1,3,2.6666666666666665
whitenationalism.com,3,1,3,2.3333333333333335
righton.net,6,1,3,2.6666666666666665
csulb.edu,3,2,3,2.3333333333333335
gifbin.com,2,1,3,1.6666666666666667
geocities.ws,4,1,3,3.0
bandcamp.com,4,2,3,2.6666666666666665
campbellmgold.com,2,1,3,1.3333333333333333
tripod.com,1,1,3,1.0
golibgen.io,7,2,3,5.0
truthedelweiss.com,3,0,3,1.3333333333333333
tvtropes.org,1,0,3,0.6666666666666666
communismbythebackdoor.com,3,0,3,1.3333333333333333
donaldjtrump.com,11,1,3,6.0
docdroid.net,1,1,3,1.0
nodisinfo.com,1,-3,3,-0.3333333333333333
colorlines.com,4,2,3,3.3333333333333335
big-lies.org,0,0,3,0.0
911missinglinks.com,3,0,3,1.3333333333333333
texemarrs.com,3,1,3,2.0
realclearpolitics.com,18,2,3,8.333333333333334
schillerinstitute.org,6,1,3,3.6666666666666665
wiktionary.org,5,1,3,2.3333333333333335
nordfront.se,6,3,3,4.0
realhistoryww.com,8,2,3,5.0
google.com.au,1,1,3,1.0
bostonherald.com,19,2,3,9.666666666666666
sandiegofreepress.org,2,2,3,2.0
cato.org,8,2,3,4.333333333333333
isegoria.net,9,0,3,3.6666666666666665
usnews.com,4,1,3,2.6666666666666665
gmu.edu,14,1,2,7.5
prb.org,7,4,2,5.5
mfa.gov.il,2,2,2,2.0
google.es,2,2,2,2.0
puu.sh,4,1,2,2.5
steamusercontent.com,2,1,2,1.5
makeagif.com,2,0,2,1.0
vatican.va,4,1,2,2.5
cambridge.org,4,2,2,3.0
bradshawfoundation.com,1,0,2,0.5
mega.nz,2,1,2,1.5
bustle.com,7,3,2,5.0
ggpht.com,8,7,2,7.5
gfycat.com,12,1,2,6.5
heritage.org,10,10,2,10.0
mankindquarterly.org,3,1,2,2.0
ushmm.org,3,1,2,2.0
subvertednation.net,7,7,2,7.0
burzum.org,7,3,2,5.0
usni.org,1,1,2,1.0
google.ch,1,1,2,1.0
heatst.com,7,1,2,4.0
privacytools.io,2,1,2,1.5
c-span.org,2,1,2,1.5
v-weiss.de,3,1,2,2.0
wixsite.com,0,0,2,0.0
marketingweek.com,3,3,2,3.0
gnosis.org,1,1,2,1.0
ancestry.com,2,1,2,1.5
proxysite.com,3,1,2,2.0
pumpkinperson.com,2,1,2,1.5
mcso.org,5,1,2,3.0
mememaker.net,27,1,2,14.0
marist.net,1,1,2,1.0
stereogum.com,3,1,2,2.0
github.io,7,5,2,6.0
womensviewsonnews.org,2,1,2,1.5
andrewcarringtonhitchcock.com,3,1,2,2.0
gr-assets.com,7,1,2,4.0
healthline.com,10,10,2,10.0
mediaset.it,5,2,2,3.5
guim.co.uk,1,-3,2,-1.0
humanevents.com,2,1,2,1.5
bostonglobe.com,13,1,2,7.0
sciencenordic.com,3,0,2,1.5
aryanism.net,10,6,2,8.0
itsgoingdown.org,3,2,2,2.5
wikiquote.org,9,1,2,5.0
arizona.edu,1,0,2,0.5
realzionistnews.com,1,1,2,1.0
irs.gov,1,1,2,1.0
bfmtv.com,2,2,2,2.0
iol.co.za,19,19,2,19.0
internetlooks.com,2,2,2,2.0
kplctv.com,4,4,2,4.0
bigthink.com,3,1,2,2.0
scifiwright.com,2,2,2,2.0
billmoyers.com,2,1,2,1.5
bing.com,1,1,2,1.0
insidehighered.com,6,4,2,5.0
inneroptics.net,3,3,2,3.0
biography.com,23,10,2,16.5
ap.org,2,1,2,1.5
kremlin.ru,1,0,2,0.5
wasp.love,16,2,2,9.0
hirhome.com,2,2,2,2.0
rogerebert.com,6,2,2,4.0
judgybitch.com,1,1,2,1.0
whatimade.today,7,7,2,7.0
westernspring.co.uk,10,2,2,6.0
westcoastrxers.com,2,0,2,1.0
bartleby.com,2,1,2,1.5
kansascity.com,-8,-8,2,-8.0
joyreactor.cc,19,19,2,19.0
whitegirlbleedalot.com,4,2,2,3.0
whiteresister.com,7,6,2,6.5
wikihow.com,2,1,2,1.5
rowadventures.com,1,1,2,1.0
atavisionary.com,2,2,2,2.0
benjerry.com,13,13,2,13.0
kissanime.ru,1,1,2,1.0
webmshare.com,1,1,2,1.0
atala.fr,5,2,2,3.5
redbubble.net,2,1,2,1.5
redbubble.com,2,1,2,1.5
infogr.am,9,1,2,5.0
semanticscholar.org,2,1,2,1.5
liamrosen.com,3,2,2,2.5
louderwithcrowder.com,0,0,2,0.0
blogspot.fr,1,1,2,1.0
hubstatic.com,6,1,2,3.5
smbc-comics.com,1,1,2,1.0
ln.edu.hk,7,3,2,5.0
smsreceivefree.com,2,1,2,1.5
loc.gov,3,1,2,2.0
racialcompact.com,7,1,2,4.0
blogspot.in,2,1,2,1.5
holocaustremembrance.com,2,1,2,1.5
lib.ru,2,2,2,2.0
quran.com,3,-2,2,0.5
wisc.edu,4,2,2,3.0
sonic.net,1,1,2,1.0
angryharry.com,2,-1,2,0.5
macleans.ca,3,3,2,3.0
magtudin.org,5,2,2,3.5
maicar.com,1,0,2,0.5
historum.com,1,0,2,0.5
anthonyflood.com,32,2,2,17.0
human-existence.com,2,2,2,2.0
antimarxism.com,6,2,2,4.0
germarrudolf.com,2,2,2,2.0
libcom.org,9,1,2,5.0
imgsafe.org,3,1,2,2.0
randago.com,4,3,2,3.5
libertyfund.org,1,1,2,1.0
libertygb.org.uk,3,2,2,2.5
imediaethics.org,11,11,2,11.0
shopify.com,2,1,2,1.5
ign.com,2,1,2,1.5
similarweb.com,0,0,2,0.0
vogue.com,5,3,2,4.0
vocaroo.com,9,4,2,6.5
radioislam.org,21,2,2,11.5
radio-canada.ca,3,3,2,3.0
ibtimes.co.uk,2,1,2,1.5
blogspot.bg,3,2,2,2.5
windows.net,11,11,2,11.0
hurriyetdailynews.com,5,5,2,5.0
canadiancrc.com,23,1,2,12.0
miamiherald.com,2,1,2,1.5
unzcloud.com,2,1,2,1.5
ub.edu,2,1,2,1.5
theneworder.org,10,4,2,7.0
pcrm.org,4,3,2,3.5
clker.com,2,1,2,1.5
pca.st,1,1,2,1.0
yougov.co.uk,1,1,2,1.0
thepiratebay.org,3,1,2,2.0
youpak.com,3,3,2,3.0
newsbusters.org,26,3,2,14.5
yourblackworld.net,3,2,2,2.5
netdna-ssl.com,9,1,2,5.0
paypal.me,18,3,2,10.5
paypal.com,7,5,2,6.0
cnbc.com,2,1,2,1.5
typepad.com,1,1,2,1.0
patch.com,2,2,2,2.0
ebayimg.com,3,2,2,2.5
ebaumsworld.com,35,2,2,18.5
paradoxplaza.com,1,1,2,1.0
eonline.com,4,1,2,2.5
youarenotsosmart.com,-2,-6,2,-4.0
al.com,1,1,2,1.0
christophercantwell.com,1,1,2,1.0
chicagotribune.com,5,2,2,3.5
thefederalist.com,1,1,2,1.0
fau.edu,9,9,2,9.0
n-tv.de,3,3,2,3.0
naacp.org,19,2,2,10.5
thefreethoughtproject.com,41,0,2,20.5
familyfacts.org,23,1,2,12.0
fakenewswatch.com,-2,-6,2,-4.0
cia.gov,3,2,2,2.5
thelocal.se,6,2,2,4.0
circinfo.org,3,3,2,3.0
explainxkcd.com,1,1,2,1.0
experimentwithnature.com,3,3,2,3.0
theholocaustexplained.org,1,1,2,1.0
europeanaction.com,2,2,2,2.0
yimg.com,2,2,2,2.0
thelocal.fr,2,1,2,1.5
etymonline.com,2,1,2,1.5
nicktube.com,8,3,2,5.5
twitteraudit.com,1,-1,2,0.0
duke.edu,9,6,2,7.5
nwivisas.com,2,2,2,2.0
darktriadman.com,2,1,2,1.5
danielpipes.org,1,1,2,1.0
dangerandplay.com,7,-2,2,2.5
numbersusa.com,1,1,2,1.0
nurturingtruth.com,3,2,2,2.5
topyaps.com,4,1,2,2.5
dailymaverick.co.za,19,19,2,19.0
dailykos.com,13,1,2,7.0
zetaboards.com,2,1,2,1.5
thesun.co.uk,21,5,2,13.0
nyit.edu,1,1,2,1.0
123rf.com,5,1,2,3.0
cspipublishing.com,3,1,2,2.0
tradyouth.org,12,1,2,6.5
observer.com,20,-1,2,9.5
occidentaldissent.com,4,3,2,3.5
trbimg.com,3,1,2,2.0
trendhunterstatic.com,1,1,2,1.0
truthrevolt.org,8,3,2,5.5
tmz.com,2,1,2,1.5
ostarapublications.com,2,1,2,1.5
ttu.ee,26,6,2,16.0
noaa.gov,1,0,2,0.5
coincidencedetector.com,4,1,2,2.5
douchebagbook.com,1,0,2,0.5
paideia-eu.org,1,0,2,0.5
theyfit.co.uk,7,0,2,3.5
colchestercollection.com,3,1,2,2.0
diversitybestpractices.com,10,10,2,10.0
thisiseuropa.net,2,1,2,1.5
comicbook.com,2,0,2,1.0
directactioneverywhere.com,1,1,2,1.0
commondreams.org,2,2,2,2.0
dictionary.com,2,1,2,1.5
norc.org,5,5,2,5.0
norse-mythology.org,4,1,2,2.5
detroitnews.com,3,1,2,2.0
tightrope.cc,9,1,2,5.0
tubeunblock.com,4,2,2,3.0
theestablishment.co,19,2,2,10.5
replygif.net,2,1,2,1.5
musicians4freedom.com,3,3,2,3.0
wrapsnet.org,1,1,2,1.0
generation-identitaire.com,2,1,2,1.5
focus.de,3,1,2,2.0
migrationpolicy.org,8,2,2,5.0
algemeiner.com,1,1,2,1.0
popkey.co,2,1,2,1.5
texas.com,1,0,2,0.5
foreignpolicy.com,3,2,2,2.5
catb.org,1,1,2,1.0
theamericanconservative.com,7,4,2,5.5
chabad.org,6,2,2,4.0
cell.com,3,1,2,2.0
allaboutheaven.org,1,1,2,1.0
motgift.nu,1,1,2,1.0
popularmilitary.com,1,1,2,1.0
amazon.co.uk,6,1,2,3.5
fpif.org,3,2,2,2.5
montpelier.org,1,1,2,1.0
polchan.xyz,3,1,2,2.0
catholicherald.co.uk,2,1,2,1.5
freedomfront.org,1,0,2,0.5
tenor.co,5,4,2,4.5
amazon.ca,3,1,2,2.0
freerepublic.com,1,1,2,1.0
worldfuturefund.org,3,3,2,3.0
misshelsinki.fi,2,1,2,1.5
altervista.org,5,2,2,3.5
fluoridealert.org,4,2,2,3.0
chan4chan.com,6,2,2,4.0
thecatholicthing.org,1,1,2,1.0
michael-hudson.com,4,1,2,2.5
tau.ac.il,2,1,2,1.5
alexjonesexposed.info,6,2,2,4.0
murderpedia.org,6,6,2,6.0
theconservativetreehouse.com,2,1,2,1.5
tanyagersh.com,5,1,2,3.0
thebubble.com,6,6,2,6.0
finalcall.com,6,2,2,4.0
ounodesign.com,2,2,1,2.0
primarymodel.com,2,2,1,2.0
out.com,1,1,1,1.0
oup.com,18,18,1,18.0
portlandoregon.gov,2,2,1,2.0
zencast.fm,2,2,1,2.0
worldbank.org,2,2,1,2.0
realsimple.com,8,8,1,8.0
wikispaces.com,0,0,1,0.0
priceonomics.com,9,9,1,9.0
wikispooks.com,2,2,1,2.0
zdnet.com,5,5,1,5.0
osu.edu,4,4,1,4.0
pollyvote.com,2,2,1,2.0
port.ac.uk,1,1,1,1.0
poll-maker.com,3,3,1,3.0
reactiongifs.com,1,1,1,1.0
zogbots.org,4,4,1,4.0
onionstatic.com,1,1,1,1.0
whatreallyhappened.com,2,2,1,2.0
reactionface.info,2,2,1,2.0
yuki.la,3,3,1,3.0
printmag.com,4,4,1,4.0
reactionimage.org,4,4,1,4.0
receive-sms-online.com,1,1,1,1.0
readingthepictures.org,4,4,1,4.0
remezcla.com,5,5,1,5.0
realclearpolicy.com,1,1,1,1.0
politifact.com,2,2,1,2.0
zionism-israel.com,1,1,1,1.0
realfmgy.com,1,1,1,1.0
printfriendly.com,3,3,1,3.0
ponychan.net,3,3,1,3.0
redflag.org.au,1,1,1,1.0
originalpeople.org,5,5,1,5.0
orange-papers.org,1,1,1,1.0
woodtv.com,-1,-1,1,-1.0
whitehouse.gov,1,1,1,1.0
popsugar.com,1,1,1,1.0
wiat.com,2,2,1,2.0
openpgp.org,3,3,1,3.0
whiteswillwinparty.org,4,4,1,4.0
woorkup.com,2,2,1,2.0
presseportal.de,1,1,1,1.0
ziobergs.info,2,2,1,2.0
opportunitylives.com,3,3,1,3.0
presscdn.com,3,3,1,3.0
redgreenalliance.com,2,2,1,2.0
redeeminggod.com,1,1,1,1.0
redflagnews.com,1,1,1,1.0
ordienetworks.com,2,2,1,2.0
originalvintagemovieposters.com,1,1,1,1.0
religionnews.com,3,3,1,3.0
redditenhancementsuite.com,1,1,1,1.0
ontheworldmap.com,1,1,1,1.0
renseradio.com,1,1,1,1.0
regenes.is,10,10,1,10.0
zenpencils.com,2,2,1,2.0
pri.org,2,2,1,2.0
receivefreesms.com,1,1,1,1.0
orthodoxytoday.org,5,5,1,5.0
wideopenspaces.com,1,1,1,1.0
reformjudaismmag.net,9,9,1,9.0
zerothposition.com,3,3,1,3.0
redcrossblood.org,1,1,1,1.0
reenactor.net,2,2,1,2.0
worldcat.org,8,8,1,8.0
redstate.com,4,4,1,4.0
pressreader.com,1,1,1,1.0
oxfordreference.com,1,1,1,1.0
palestineposterproject.org,11,11,1,11.0
ytmnd.com,3,3,1,3.0
wsimg.com,8,8,1,8.0
xvideos.com,3,3,1,3.0
quranexplorer.com,3,3,1,3.0
winteryknight.com,0,0,1,0.0
raceconscious.org,2,2,1,2.0
pixlr.com,1,1,1,1.0
plancksconstant.org,-1,-1,1,-1.0
philipperushton.net,1,1,1,1.0
rackcdn.com,1,1,1,1.0
yale.edu,3,3,1,3.0
yaplakal.com,10,10,1,10.0
yelp.com,1,1,1,1.0
petitionbuzz.com,1,1,1,1.0
psu.edu,2,2,1,2.0
winterings.net,2,2,1,2.0
pepe-the-frog.com,1,1,1,1.0
psmag.com,-1,-1,1,-1.0
wrongthink.net,1,1,1,1.0
xkcdref.info,1,1,1,1.0
xhurches.org,10,10,1,10.0
planetden.com,1,1,1,1.0
wwmt.com,8,8,1,8.0
pythonforengineers.com,4,4,1,4.0
qpic.cn,1,1,1,1.0
phoenixnewtimes.com,5,5,1,5.0
qr-code-generator.com,3,3,1,3.0
phoenixinvestmentarms.com,2,2,1,2.0
physicalculturist.ca,2,2,1,2.0
philosophersmag.com,1,1,1,1.0
phillyvoice.com,8,8,1,8.0
purewaterfreedom.com,1,1,1,1.0
puntuit.nl,3,3,1,3.0
wsu.edu,7,7,1,7.0
quintessence.jp,1,1,1,1.0
pitt.edu,2,2,1,2.0
punditpress.com,2,2,1,2.0
phillipsdnaproject.com,1,1,1,1.0
wtol.com,8,8,1,8.0
quotaproject.org,1,1,1,1.0
people.com,1,1,1,1.0
pdfsr.com,1,1,1,1.0
worldsocialism.org,1,1,1,1.0
rank2traffic.com,25,25,1,25.0
privilegegrant.com,5,5,1,5.0
pandawhale.com,2,2,1,2.0
rapeable.com,1,1,1,1.0
rare-pepe.com,1,1,1,1.0
pamelageller.com,1,1,1,1.0
privateinternetaccess.com,1,1,1,1.0
ratemyprofessors.com,5,5,1,5.0
williamapercy.com,26,26,1,26.0
wmbriggs.com,4,4,1,4.0
policemisconduct.net,-2,-2,1,-2.0
wsj.net,3,3,1,3.0
ravenfoundation.org,1,1,1,1.0
paintmychromosomes.com,1,1,1,1.0
yourwardnews.ca,-1,-1,1,-1.0
raymondibrahim.com,1,1,1,1.0
rbxcdn.com,1,1,1,1.0
wou.edu,1,1,1,1.0
parliament.uk,2,2,1,2.0
yourepeat.com,5,5,1,5.0
youcaring.com,1,1,1,1.0
yourbrainonporn.com,5,5,1,5.0
pravdareport.com,12,12,1,12.0
pdfdownload.org,3,3,1,3.0
prosperity.com,1,1,1,1.0
radio.cz,3,3,1,3.0
radioaustralia.net.au,1,1,1,1.0
planetfreewill.com,7,7,1,7.0
pcgamer.com,3,3,1,3.0
williamsrecord.com,8,8,1,8.0
railroadedornot.com,1,1,1,1.0
player.fm,5,5,1,5.0
projectprevention.org,2,2,1,2.0
raisingmyrainbow.com,5,5,1,5.0
wjhl.com,5,5,1,5.0
prnt.sc,1,1,1,1.0
wp.me,7,7,1,7.0
poetryloverspage.com,12,12,1,12.0
patheos.com,2,2,1,2.0
radikal.ru,1,1,1,1.0
shorelinemedia.net,1,1,1,1.0
renseradioarchives.com,5,5,1,5.0
thefix.com,17,17,1,17.0
umbc.edu,1,1,1,1.0
umkc.edu,1,1,1,1.0
theendofzion.com,3,3,1,3.0
thedirty.com,45,45,1,45.0
thedarkenlightenment.com,1,1,1,1.0
thedailysheeple.com,11,11,1,11.0
theconsciousresistance.com,8,8,1,8.0
thecommentator.com,0,0,1,0.0
thecollegesolution.com,4,4,1,4.0
thechristianidentityforum.net,4,4,1,4.0
thecanadianencyclopedia.ca,1,1,1,1.0
unbowedunbentuncucked.com,2,2,1,2.0
thebritishvoice.org.uk,1,1,1,1.0
theblaze.com,4,4,1,4.0
thebirdman.org,2,2,1,2.0
thefederalistpapers.org,1,1,1,1.0
theforbiddenknowledge.com,1,1,1,1.0
theaustralian.com.au,1,1,1,1.0
thefuhrerbunker.com,14,14,1,14.0
thelacunablog.com,1,1,1,1.0
thejewishweek.com,2,2,1,2.0
ucoz.org,11,11,1,11.0
thejc.com,2,2,1,2.0
udreview.com,1,1,1,1.0
thehistoryhub.com,1,1,1,1.0
thehermitage.com,8,8,1,8.0
uga.edu,7,7,1,7.0
thegrio.com,17,17,1,17.0
ukcolumn.org,3,3,1,3.0
thegrandadmiral.com,1,1,1,1.0
theglobeandmail.com,3,3,1,3.0
theglobalstate.com,3,3,1,3.0
thegeneticgenealogist.com,1,1,1,1.0
ukigoni.com,4,4,1,4.0
thebigphotoblog.com,2,2,1,2.0
theatlas.com,1,1,1,1.0
uconn.edu,1,1,1,1.0
onepeterfive.com,5,5,1,5.0
teespring.com,1,1,1,1.0
techinasia.com,2,2,1,2.0
uni-konstanz.de,3,3,1,3.0
uni-stuttgart.de,1,1,1,1.0
teamliquid.net,5,5,1,5.0
teachgenocide.org,21,21,1,21.0
tctmed.com,5,5,1,5.0
unipa.it,2,2,1,2.0
tandfonline.com,1,1,1,1.0
unodc.org,2,2,1,2.0
talmudunmasked.com,2,2,1,2.0
upi.com,1,1,1,1.0
tagthesponsor.com,1,1,1,1.0
synonym.com,1,1,1,1.0
sydney.edu.au,3,3,1,3.0
unh.edu,3,3,1,3.0
telesurtv.net,1,1,1,1.0
theargus.net.au,2,2,1,2.0
tertullian.org,1,1,1,1.0
theapricity.com,1,1,1,1.0
theage.com.au,1,1,1,1.0
theafricanspear.com,-3,-3,1,-3.0
theabsolute.net,10,10,1,10.0
the-two-malcontents.com,1,1,1,1.0
unc.edu,0,0,1,0.0
the-top-list.com,3,3,1,3.0
the-scientist.com,1,1,1,1.0
the-savoisien.com,2,2,1,2.0
the-american-interest.com,0,0,1,0.0
the-american-catholic.com,1,1,1,1.0
tfw.no,3,3,1,3.0
tfp.org,9,9,1,9.0
uncyclomedia.co,1,1,1,1.0
texas.gov,24,24,1,24.0
thelivingmoon.com,1,1,1,1.0
ucityguides.com,17,17,1,17.0
reportersmagazine.com,1,1,1,1.0
tomfeiling.com,2,2,1,2.0
truthandaction.org,1,1,1,1.0
today.com,-1,-1,1,-1.0
truthinourtime.com,1,1,1,1.0
tnwcdn.com,-1,-1,1,-1.0
ts-si.org,4,4,1,4.0
tineye.com,2,2,1,2.0
timwise.org,1,1,1,1.0
timetobreak.com,29,29,1,29.0
timesfreepress.com,3,3,1,3.0
thuleanperspective.com,7,7,1,7.0
thule-italia.com,2,2,1,2.0
throwflame.com,1,1,1,1.0
thousandwonders.net,10,10,1,10.0
thoughtcatalog.com,18,18,1,18.0
thomsonsafaris.com,2,2,1,2.0
truth-out.org,1,1,1,1.0
topdocumentaryfilms.com,1,1,1,1.0
thisissaga.com,2,2,1,2.0
toprightnews.com,3,3,1,3.0
tripadvisor.it,1,1,1,1.0
trevorloudon.com,1,1,1,1.0
treehugger.com,2,2,1,2.0
travelnote.gr,2,2,1,2.0
transnational-queer-underground.net,10,10,1,10.0
tragedyandhope.com,18,18,1,18.0
tradworker.org,1,1,1,1.0
traditionalright.com,2,2,1,2.0
traditionalhikma.com,1,1,1,1.0
traditionalbritain.org,3,3,1,3.0
tqn.com,1,1,1,1.0
towleroad.com,2,2,1,2.0
truetorahjews.org,3,3,1,3.0
torontopolice.on.ca,22,22,1,22.0
toqonline.com,3,3,1,3.0
thompsontarget.com,3,3,1,3.0
twcenter.net,8,8,1,8.0
thelocal.no,8,8,1,8.0
therightfew.com,1,1,1,1.0
theregister.co.uk,2,2,1,2.0
theralphretort.com,11,11,1,11.0
thepsychreport.com,2,2,1,2.0
thepoliticalcesspool.org,4,4,1,4.0
theoutlook.com.ua,-11,-11,1,-11.0
theopenscroll.com,1,1,1,1.0
ucg.org,1,1,1,1.0
theoatmeal.com,3,3,1,3.0
thenews.pl,1,1,1,1.0
thenewatlantis.com,6,6,1,6.0
thenational.ae,1,1,1,1.0
thenation.com,4,4,1,4.0
thelogofactory.com,0,0,1,0.0
thelocalvoice.net,1,1,1,1.0
uchaguzi.co.ke,3,3,1,3.0
ua.edu,1,1,1,1.0
therumpus.net,1,1,1,1.0
thinkprogress.org,1,1,1,1.0
thesartorialist.com,6,6,1,6.0
twitchy.com,8,8,1,8.0
thinkaboutnow.com,2,2,1,2.0
thewholenetwork.org,3,3,1,3.0
thetruther.us,3,3,1,3.0
thetreeofliberty.com,7,7,1,7.0
thetimes.co.uk,1,1,1,1.0
thetelegram.com,1,1,1,1.0
thetab.com,2,2,1,2.0
thestate.com,2,2,1,2.0
thestar.com,1,1,1,1.0
thesocietypages.org,3,3,1,3.0
thesmokinggun.com,1,1,1,1.0
thesleuthjournal.com,3,3,1,3.0
thescene.com,8,8,1,8.0
thesaurus.com,15,15,1,15.0
urgente24.com,18,18,1,18.0
swlondoner.co.uk,3,3,1,3.0
sweetliberty.org,1,1,1,1.0
wallpapercave.com,2,2,1,2.0
scribblelive.com,7,7,1,7.0
screencrush.com,4,4,1,4.0
scrapbookpages.com,1,1,1,1.0
scientiapress.com,1,1,1,1.0
waralbum.ru,6,6,1,6.0
wariomissed.com,1,1,1,1.0
sciencealert.com,3,3,1,3.0
scholarships.com,2,2,1,2.0
schneier.com,6,6,1,6.0
sbs.com.au,6,6,1,6.0
sbs-humboldtforum.de,3,3,1,3.0
wariscrime.com,1,1,1,1.0
savingtherepublic.com,1,1,1,1.0
sapr.mil,1,1,1,1.0
santaschoice.ca,1,1,1,1.0
walmart.com,1,1,1,1.0
secretservice.gov,4,4,1,4.0
warrelics.eu,13,13,1,13.0
seeker.com,0,0,1,0.0
singularity2050.com,1,1,1,1.0
si.edu,1,1,1,1.0
tropical-rainforest-animals.com,6,6,1,6.0
shmoop.com,2,2,1,2.0
shimer.edu,2,2,1,2.0
vuw.ac.nz,2,2,1,2.0
shadesmar.com,2,2,1,2.0
wabitimrew.net,-11,-11,1,-11.0
sfgate.com,1,1,1,1.0
wadinet.de,1,1,1,1.0
sfari.org,3,3,1,3.0
wallbuilders.com,1,1,1,1.0
sexchangeregret.com,8,8,1,8.0
sentencingproject.org,-28,-28,1,-28.0
sengoidelc.com,2,2,1,2.0
warosu.org,19,19,1,19.0
sammler.com,1,1,1,1.0
uscatholic.org,3,3,1,3.0
weeklyviral.com,1,1,1,1.0
wellness-reviews.com,2,2,1,2.0
rollingout.com,6,6,1,6.0
robbjack.com,1,1,1,1.0
ripoffreport.com,45,45,1,45.0
rinf.com,7,7,1,7.0
rightdiagnosis.com,0,0,1,0.0
rickwells.us,5,5,1,5.0
richard-seaman.com,1,1,1,1.0
rhs.org.uk,3,3,1,3.0
rferl.org,15,15,1,15.0
welt.de,6,6,1,6.0
wendys.com,2,2,1,2.0
restoringforeskin.org,2,2,1,2.0
whale.to,15,15,1,15.0
whatisthealtright.com,1,1,1,1.0
roomescapedc.com,1,1,1,1.0
rosalux.de,2,2,1,2.0
washingtonexaminer.com,15,15,1,15.0
rotherham.gov.uk,2,2,1,2.0
washsummit.com,1,1,1,1.0
safetypinbox.com,6,6,1,6.0
sacurrent.com,7,7,1,7.0
sacred-texts.com,1,1,1,1.0
sacbee.com,2,2,1,2.0
saalt.org,10,10,1,10.0
s-nbcnews.com,0,0,1,0.0
rwdeathsquad.com,5,5,1,5.0
webm.land,2,2,1,2.0
russia-insider.com,4,4,1,4.0
runnymedetrust.org,1,1,1,1.0
ruhrnachrichten.de,8,8,1,8.0
rrojasdatabank.info,6,6,1,6.0
weeklystandard.com,1,1,1,1.0
royalhost.tech,2,2,1,2.0
skepdic.com,-13,-13,1,-13.0
skepticalscience.com,-1,-1,1,-1.0
skilledtests.com,1,1,1,1.0
strawpoll.me,3,3,1,3.0
uw.edu.pl,2,2,1,2.0
uwb.edu,2,2,1,2.0
storify.com,1,1,1,1.0
stlouisfed.org,5,5,1,5.0
stlouis-mo.gov,2,2,1,2.0
steamstatic.com,5,5,1,5.0
uwm.edu,5,5,1,5.0
steampowered.com,4,4,1,4.0
stattrek.com,1,1,1,1.0
statisticalforensics.com,1,1,1,1.0
static-bluray.com,3,3,1,3.0
stateofworkingamerica.org,10,10,1,10.0
stateofobesity.org,2,2,1,2.0
state.nj.us,2,2,1,2.0
startrek.com,2,2,1,2.0
strangecelebrities.com,10,10,1,10.0
utexas.edu,3,3,1,3.0
sky.com,7,7,1,7.0
stripes.com,6,6,1,6.0
svt.se,1,1,1,1.0
susps.org,4,4,1,4.0
survation.com,5,5,1,5.0
usconstitution.net,15,15,1,15.0
usgs.gov,1,1,1,1.0
superfame.com,1,1,1,1.0
suomiblog.hu,40,40,1,40.0
sunray22b.net,3,3,1,3.0
sunnah.com,-3,-3,1,-3.0
summagallicana.it,0,0,1,0.0
usmilitariaforum.com,1,1,1,1.0
suedbayerische-immobilien.de,1,1,1,1.0
sub.blue,4,4,1,4.0
su.se,3,3,1,3.0
studybuddhism.com,3,3,1,3.0
startpage.com,1,1,1,1.0
startingstrength.com,1,1,1,1.0
starpulse.com,3,3,1,3.0
vacantstovalue.org,2,2,1,2.0
viriculture.com,1,1,1,1.0
socialblade.com,3,3,1,3.0
sobran.com,1,1,1,1.0
snoopsnoo.com,1,1,1,1.0
snagfilms.com,2,2,1,2.0
virtueonline.org,1,1,1,1.0
smh.com.au,2,2,1,2.0
sluhoo.com,2,2,1,2.0
slodive.com,6,6,1,6.0
visegradpost.com,1,1,1,1.0
slideplayer.com,1,1,1,1.0
visitgreece.gr,1,1,1,1.0
vk.me,2,2,1,2.0
vocabulary.com,2,2,1,2.0
slashdot.org,3,3,1,3.0
softpedia-static.com,5,5,1,5.0
violentmetaphors.com,6,6,1,6.0
solomonia.com,11,11,1,11.0
spsp.org,3,3,1,3.0
vanguard.com,1,1,1,1.0
standard.co.uk,2,2,1,2.0
vanityfair.com,9,9,1,9.0
venezuelanalysis.com,1,1,1,1.0
veoh.com,8,8,1,8.0
versobooks.com,5,5,1,5.0
spreadshirt.com,3,3,1,3.0
somersetlive.co.uk,1,1,1,1.0
spelab.org,4,4,1,4.0
speisa.com,3,3,1,3.0
spartacus-educational.com,2,2,1,2.0
sovereignukraine.net,1,1,1,1.0
villanova.edu,1,1,1,1.0
sostenitori.info,2,2,1,2.0
onepoliticalplaza.com,2,2,1,2.0
libertyviral.com,19,19,1,19.0
oneonta.edu,1,1,1,1.0
declinecast.com,2,2,1,2.0
dhs.gov,13,13,1,13.0
dhgate.com,6,6,1,6.0
devilsdictionaries.com,5,5,1,5.0
der-stuermer.org,10,10,1,10.0
denverartmuseum.org,1,1,1,1.0
dennismichaellynch.com,4,4,1,4.0
delanceyplace.com,1,1,1,1.0
defensereview.com,4,4,1,4.0
deepecology.org,7,7,1,7.0
debitage.net,2,2,1,2.0
dailynews.com,8,8,1,8.0
deathmetal.org,2,2,1,2.0
deadline.com,2,2,1,2.0
dc.gov,1,1,1,1.0
dba-oracle.com,1,1,1,1.0
daviddukeonline.com,4,4,1,4.0
dancarlin.com,1,1,1,1.0
dailytexanonline.com,2,2,1,2.0
dailysignal.com,8,8,1,8.0
dailyrecord.co.uk,7,7,1,7.0
di.se,2,2,1,2.0
discord.me,1,1,1,1.0
discoverthenetworks.org,1,1,1,1.0
discovery.com,6,6,1,6.0
eccentricculinary.com,1,1,1,1.0
ebaystatic.com,8,8,1,8.0
ebay.com,1,1,1,1.0
earlychristianwritings.com,1,1,1,1.0
eagleforum.org,1,1,1,1.0
e24.no,5,5,1,5.0
dvdactive.com,1,1,1,1.0
dufflecoatsuk.co.uk,4,4,1,4.0
duffelblog.com,2,2,1,2.0
duckprods.com,2,2,1,2.0
dssk.press,2,2,1,2.0
drkeithwitt.com,3,3,1,3.0
drexel.edu,3,3,1,3.0
dresscab.com,1,1,1,1.0
dreamstime.com,1,1,1,1.0
dot.gov,3,3,1,3.0
doodleordie.com,2,2,1,2.0
donorbox.org,2,2,1,2.0
documents.mx,6,6,1,6.0
dailypicksandflicks.com,1,1,1,1.0
dailygalaxy.com,1,1,1,1.0
civicyouth.org,0,0,1,0.0
colostate.edu,3,3,1,3.0
consang.net,1,1,1,1.0
congress.gov,1,1,1,1.0
condecdn.net,2,2,1,2.0
concisepolitics.com,2,2,1,2.0
complex.com,1,1,1,1.0
commoncausenc.org,1,1,1,1.0
commdiginews.com,1,1,1,1.0
commaonline.it,16,16,1,16.0
comicvine.com,2,2,1,2.0
collider.com,1,1,1,1.0
dailyevergreen.com,4,4,1,4.0
coinbase.com,1,1,1,1.0
coe.int,1,1,1,1.0
cnqzu.com,11,11,1,11.0
cmgdigital.com,7,7,1,7.0
clrsearch.com,2,2,1,2.0
cloudmind.info,32,32,1,32.0
click2houston.com,5,5,1,5.0
clementoni.com,1,1,1,1.0
cjr.org,1,1,1,1.0
conservativeusa.net,4,4,1,4.0
constitutioncenter.org,2,2,1,2.0
coolinterestingstuff.com,2,2,1,2.0
cornell.edu,9,9,1,9.0
cwporter.com,4,4,1,4.0
cvltnation.com,2,2,1,2.0
cuny.edu,1,1,1,1.0
culturewars.com,2,2,1,2.0
cultures-et-croyances.com,6,6,1,6.0
culturalmarxism.net,1,1,1,1.0
crownoffice.gov.uk,1,1,1,1.0
critical-theory.com,1,1,1,1.0
crisismagazine.com,3,3,1,3.0
crimesofempire.com,1,1,1,1.0
creativitymovement.net,2,2,1,2.0
creation.com,0,0,1,0.0
crazzfiles.com,1,1,1,1.0
crayola.com,1,1,1,1.0
cps.gov.uk,1,1,1,1.0
countryeconomy.com,-5,-5,1,-5.0
counton2.com,4,4,1,4.0
counterjihadreport.com,2,2,1,2.0
costco.com,3,3,1,3.0
ecclesiadei.org,2,2,1,2.0
ecosia.org,1,1,1,1.0
edge.org,1,1,1,1.0
field-journal.com,1,1,1,1.0
flixster.com,1,1,1,1.0
flickr.com,2,2,1,2.0
flawlesslogic.com,1,1,1,1.0
fisheaters.com,3,3,1,3.0
firehero.org,10,10,1,10.0
findagrave.com,1,1,1,1.0
filmingcops.com,0,0,1,0.0
fillthevoid.org,0,0,1,0.0
filedropper.com,2,2,1,2.0
fellowshipoftheminds.com,1,1,1,1.0
education.com,0,0,1,0.0
feelnumb.com,10,10,1,10.0
fee.org,3,3,1,3.0
fdpdelamode.com,3,3,1,3.0
fdesouche.com,4,4,1,4.0
fbijobs.gov,11,11,1,11.0
faz.net,7,7,1,7.0
fasebj.org,6,6,1,6.0
fanpop.com,4,4,1,4.0
fanlore.org,18,18,1,18.0
fluoridefree.org.nz,1,1,1,1.0
fold3.com,6,6,1,6.0
followtheflammias.com,1,1,1,1.0
fonts.net,4,4,1,4.0
fs.fed.us,13,13,1,13.0
freestufffinder.com,2,2,1,2.0
freestateproject.org,1,1,1,1.0
freerangekids.com,1,1,1,1.0
freedrinkingwater.com,2,2,1,2.0
freedominthe50states.org,1,1,1,1.0
freakonomics.com,1,1,1,1.0
frbsf.org,5,5,1,5.0
france24.com,1,1,1,1.0
fpp.co.uk,2,2,1,2.0
fox2now.com,1,1,1,1.0
fourwinds10.net,2,2,1,2.0
fotoflexer.com,3,3,1,3.0
forzanuova.info,1,1,1,1.0
forwallpaper.com,1,1,1,1.0
forumbiodiversity.com,1,1,1,1.0
forlivochrorelse.se,1,1,1,1.0
foreignpolicyjournal.com,2,2,1,2.0
footballhdwallpapers.eu,1,1,1,1.0
familytreedna.com,1,1,1,1.0
family-studies.org,3,3,1,3.0
familiesagainstcultteachings.org,1,1,1,1.0
etrusia.co.uk,1,1,1,1.0
esotericjahanism.com,2,2,1,2.0
erkenbrand.nl,1,1,1,1.0
epstein.org,-4,-4,1,-4.0
epicurious.com,5,5,1,5.0
enotes.com,1,1,1,1.0
english-heritage.org.uk,1,1,1,1.0
endocrine.org,9,9,1,9.0
endchan.xyz,3,3,1,3.0
emn.ie,7,7,1,7.0
emaze.com,18,18,1,18.0
elmundo.es,3,3,1,3.0
eliyah.com,5,5,1,5.0
elevenshadows.com,1,1,1,1.0
electronicintifada.net,1,1,1,1.0
eldeforma.com,2,2,1,2.0
eku.edu,1,1,1,1.0
eidolon.pub,1,1,1,1.0
eia.gov,1,1,1,1.0
egyptianmythology.org,1,1,1,1.0
essentialkids.com.au,1,1,1,1.0
eugenics.net,1,1,1,1.0
fairus.org,3,3,1,3.0
eui.eu,14,14,1,14.0
fairfaxunderground.com,5,5,1,5.0
failking.com,6,6,1,6.0
factmyth.com,11,11,1,11.0
f2s.com,4,4,1,4.0
extremetech.com,3,3,1,3.0
expressen.se,6,6,1,6.0
exploringlifesmysteries.com,2,2,1,2.0
explorestemcells.co.uk,1,1,1,1.0
ewu.edu,2,2,1,2.0
evilgeniuses.gg,5,5,1,5.0
everywritersresource.com,3,3,1,3.0
evergreen.edu,1,1,1,1.0
eurweb.com,9,9,1,9.0
eurozine.com,2,2,1,2.0
european-girls.com,1,1,1,1.0
euronews.com,1,1,1,1.0
eurocanadian.ca,3,3,1,3.0
eurekalert.org,7,7,1,7.0
eurac.edu,1,1,1,1.0
civilwartalk.com,1,1,1,1.0
cityofchicago.org,1,1,1,1.0
fugly.com,1,1,1,1.0
animechan.ru,18,18,1,18.0
archeowiesci.pl,1,1,1,1.0
ar15.com,1,1,1,1.0
aol.com,0,0,1,0.0
anus.com,1,1,1,1.0
antiwar.com,3,3,1,3.0
antipodean-resistance.info,1,1,1,1.0
anthropology.net,11,11,1,11.0
answering-islam.org,3,3,1,3.0
annals.org,2,2,1,2.0
ancient-wisdom.com,2,2,1,2.0
altcointoday.com,1,1,1,1.0
amzn.to,12,12,1,12.0
amnation.com,3,3,1,3.0
americasfreedomfighters.com,2,2,1,2.0
americannaziparty.com,5,5,1,5.0
americanhumane.org,2,2,1,2.0
americanbazaaronline.com,0,0,1,0.0
american.com,1,1,1,1.0
american-presidents.org,8,8,1,8.0
ambitjournal.com,3,3,1,3.0
archive.today,2,2,1,2.0
areavibes.com,3,3,1,3.0
arkansasmatters.com,2,2,1,2.0
arktos.com,3,3,1,3.0
barnesreview.org,2,2,1,2.0
bardomethodology.com,1,1,1,1.0
baltictimes.com,1,1,1,1.0
badnewsaboutchristianity.com,2,2,1,2.0
b92.net,8,8,1,8.0
awionline.org,3,3,1,3.0
awib.org,10,10,1,10.0
automatetheboringstuff.com,-4,-4,1,-4.0
atlasobscura.com,2,2,1,2.0
atlantico.fr,3,3,1,3.0
atimes.com,1,1,1,1.0
athenaeum.edu,2,2,1,2.0
atavisticintelligentsia.us,1,1,1,1.0
ashg.org,1,1,1,1.0
ashasexualhealth.org,1,1,1,1.0
asatrufolkassembly.org,2,2,1,2.0
asanet.org,2,2,1,2.0
arthurkemp.com,1,1,1,1.0
armstrongeconomics.com,-2,-2,1,-2.0
alternet.org,2,2,1,2.0
alt4can.com,1,1,1,1.0
cityam.com,1,1,1,1.0
9news.com.au,1,1,1,1.0
aboutnorthgeorgia.com,8,8,1,8.0
aboutcroatia.net,1,1,1,1.0
abcnews.com,1,1,1,1.0
abc7chicago.com,2,2,1,2.0
abc30.com,1,1,1,1.0
abc13.com,10,10,1,10.0
abc.net.au,3,3,1,3.0
aapsonline.org,2,2,1,2.0
aamc.org,1,1,1,1.0
911blogger.com,1,1,1,1.0
alluringto.com,1,1,1,1.0
6abc.com,7,7,1,7.0
511tactical.com,6,6,1,6.0
420chan.org,1,1,1,1.0
270towin.com,2,2,1,2.0
23andme.com,5,5,1,5.0
1stirregulars.com,1,1,1,1.0
10minutemail.com,2,2,1,2.0
10and5.com,12,12,1,12.0
101reasonsfilm.com,1,1,1,1.0
abunawaf.com,9,9,1,9.0
academic.ru,2,2,1,2.0
accessibleheathenryproject.org,6,6,1,6.0
aclu.org,11,11,1,11.0
alligator.org,2,2,1,2.0
allanstime.com,1,1,1,1.0
all-that-is-interesting.com,3,3,1,3.0
alexlinder.com,2,2,1,2.0
alamy.com,3,3,1,3.0
akarlin.com,1,1,1,1.0
ajog.org,3,3,1,3.0
aish.com,-3,-3,1,-3.0
aids2012.org,17,17,1,17.0
age-of-treason.com,1,1,1,1.0
afterschoolapp.com,3,3,1,3.0
aftenposteninnsikt.no,1,1,1,1.0
africaspeaks.com,3,3,1,3.0
africareview.com,3,3,1,3.0
aesencryption.net,1,1,1,1.0
adultswim.com,26,26,1,26.0
adelaide.edu.au,2,2,1,2.0
actors.co.ke,20,20,1,20.0
active.com,1,1,1,1.0
barnhardt.biz,2,2,1,2.0
bcbits.com,1,1,1,1.0
bcg.com,7,7,1,7.0
budapestagent.com,5,5,1,5.0
californiabeaches.com,1,1,1,1.0
ca.gov,1,1,1,1.0
bz-berlin.de,1,1,1,1.0
byzantinepagan.org,2,2,1,2.0
bytwerk.com,3,3,1,3.0
bytownpost.com,13,13,1,13.0
butlerfuneralhomes.com,1,1,1,1.0
bundeskanzlerin.de,2,2,1,2.0
buffalogroves.com,1,1,1,1.0
buchfreund.de,8,8,1,8.0
bearingarms.com,1,1,1,1.0
bu.edu,4,4,1,4.0
brokencountry.com,2,2,1,2.0
broadcastify.com,2,2,1,2.0
brides.com,3,3,1,3.0
breaking911.com,4,4,1,4.0
brave.com,3,3,1,3.0
brainsonic.com,1,1,1,1.0
brainshavings.com,1,1,1,1.0
bradycone.com,1,1,1,1.0
cam.ac.uk,7,7,1,7.0
cameronleeworldwide.com,2,2,1,2.0
campusreform.org,24,24,1,24.0
capoliticalreview.com,3,3,1,3.0
citizenwarrior.com,3,3,1,3.0
cirp.org,3,3,1,3.0
chublicopinion.com,2,2,1,2.0
christianpost.com,1,1,1,1.0
christianitybeliefs.org,2,2,1,2.0
chinasmack.com,0,0,1,0.0
chick.com,1,1,1,1.0
chicagonow.com,2,2,1,2.0
chesnuttarchive.org,1,1,1,1.0
cheatsheet.com,11,11,1,11.0
cducsu.de,17,17,1,17.0
cdnds.net,4,4,1,4.0
cbsistatic.com,3,3,1,3.0
catholiceducation.org,1,1,1,1.0
casapounditalia.org,1,1,1,1.0
casadeiricordi.it,1,1,1,1.0
carigoetz.com,9,9,1,9.0
care4needycopts.org,1,1,1,1.0
cardiff.ac.uk,1,1,1,1.0
bp.com,0,0,1,0.0
boxofficemojo.com,5,5,1,5.0
bostonreview.net,3,3,1,3.0
black-matters.com,15,15,1,15.0
bisexualindex.org.uk,4,4,1,4.0
biomedcentral.com,7,7,1,7.0
biology-online.org,1,1,1,1.0
biblelight.net,3,3,1,3.0
biblelife.org,2,2,1,2.0
bible.org,1,1,1,1.0
beyond-black-friday.com,1,1,1,1.0
bethematch.org,3,3,1,3.0
bet.com,3,3,1,3.0
besttickets.com,4,4,1,4.0
besacenter.org,2,2,1,2.0
berkeleyside.com,2,2,1,2.0
berkeley.edu,4,4,1,4.0
bergsland.org,1,1,1,1.0
bergenbelsen.co.uk,7,7,1,7.0
berea.edu,1,1,1,1.0
believermag.com,3,3,1,3.0
behindthename.com,2,2,1,2.0
becomingthealphamuslim.com,2,2,1,2.0
bjpenn.com,2,2,1,2.0
blackagendareport.com,2,2,1,2.0
bossip.com,3,3,1,3.0
blackamericaweb.com,2,2,1,2.0
bookzz.org,1,1,1,1.0
boer-war.com,2,2,1,2.0
bnp.org.uk,6,6,1,6.0
bnonews.com,2,2,1,2.0
bmj.com,5,5,1,5.0
bmi.gv.at,1,1,1,1.0
bmcdn.dk,27,27,1,27.0
blogspot.si,2,2,1,2.0
blogspot.se,7,7,1,7.0
blogspot.pt,3,3,1,3.0
blogspot.ie,2,2,1,2.0
blogspot.dk,1,1,1,1.0
blogspot.com.tr,3,3,1,3.0
blogspot.co.za,4,4,1,4.0
blogspot.co.nz,1,1,1,1.0
blogsport.de,30,30,1,30.0
blacklivesmatterstl.com,25,25,1,25.0
blackened.net,2,2,1,2.0
blackdemographics.com,2,2,1,2.0
fuckwhitepeople.org,12,12,1,12.0
fundmytravel.com,6,6,1,6.0
one-europe.info,1,1,1,1.0
logophere.com,1,1,1,1.0
majorityrights.com,4,4,1,4.0
magafeed.com,9,9,1,9.0
luther.de,1,1,1,1.0
lukeford.net,2,2,1,2.0
lucify.com,7,7,1,7.0
lucianne.com,2,2,1,2.0
lorenfeldman.com,5,5,1,5.0
lonelyplanet.com,2,2,1,2.0
lolcathost.org,4,4,1,4.0
ln.is,1,1,1,1.0
1000uglypeople.com,3,3,1,3.0
littletongreen.staffs.sch.uk,48,48,1,48.0
lirs.org,2,2,1,2.0
linkedin.com,2,2,1,2.0
lifesitenews.com,3,3,1,3.0
lifelineexpedition.co.uk,5,5,1,5.0
lief-orania.co.za,1,1,1,1.0
lidovky.cz,-1,-1,1,-1.0
librivox.org,7,7,1,7.0
libgen.io,3,3,1,3.0
makers.com,1,1,1,1.0
mamamia.com.au,3,3,1,3.0
man2manalliance.org,0,0,1,0.0
mappingpoliceviolence.org,-28,-28,1,-28.0
medind.nic.in,2,2,1,2.0
medicalxpress.com,3,3,1,3.0
mccullagh.org,0,0,1,0.0
mayoclinic.org,1,1,1,1.0
maya-oppenheim.com,4,4,1,4.0
maxblumenthal.com,4,4,1,4.0
matthewhopkinsnews.com,58,58,1,58.0
matchingdonors.com,1,1,1,1.0
match.com,1,1,1,1.0
maskofzion.com,1,1,1,1.0
mashable.com,1,1,1,1.0
marxmail.org,1,1,1,1.0
marxists.org,0,0,1,0.0
marxist.com,0,0,1,0.0
martialartsactionmovies.com,1,1,1,1.0
market-ticker.org,1,1,1,1.0
marieclaire.com,2,2,1,2.0
marcomm.news,1,1,1,1.0
maps.org,26,26,1,26.0
libertywritersnews.com,3,3,1,3.0
libertynotequality.com,7,7,1,7.0
kansas.com,2,2,1,2.0
kingjamesbibleonline.org,1,1,1,1.0
kreiszeitung.de,1,1,1,1.0
kogodbusiness.com,1,1,1,1.0
knowledgenuts.com,2,2,1,2.0
knightstemplarinternational.com,1,1,1,1.0
knightsofthewest.com,1,1,1,1.0
kn-online.de,2,2,1,2.0
kkusernames.com,26,26,1,26.0
kjplanet.com,7,7,1,7.0
kiro7.com,8,8,1,8.0
killedbypolice.net,3,3,1,3.0
libertyalliance.com,8,8,1,8.0
kickstarter.com,1,1,1,1.0
kickerdaily.com,1,1,1,1.0
khilafah.com,2,2,1,2.0
keywiki.org,3,3,1,3.0
keytours.gr,0,0,1,0.0
kek.jp,8,8,1,8.0
kctv5.com,1,1,1,1.0
kctcs.edu,3,3,1,3.0
kcra.com,0,0,1,0.0
lacanonline.com,5,5,1,5.0
laraj.ca,2,2,1,2.0
larryandsons.com,5,5,1,5.0
latina.com,2,2,1,2.0
liberty.me,1,1,1,1.0
liberaltears.net,2,2,1,2.0
lgbtqnation.com,1,1,1,1.0
lfpress.com,2,2,1,2.0
lewrockwell.com,5,5,1,5.0
lepoint.fr,1,1,1,1.0
legisworks.org,17,17,1,17.0
legalinsurrection.com,6,6,1,6.0
lefigaro.fr,5,5,1,5.0
leeds.ac.uk,5,5,1,5.0
learnnc.org,1,1,1,1.0
learner.org,10,10,1,10.0
leangains.com,2,2,1,2.0
leagueofthesouth.com,6,6,1,6.0
leaderu.com,2,2,1,2.0
lds.org,3,3,1,3.0
lazypawn.com,5,5,1,5.0
laughingsquid.com,-1,-1,1,-1.0
latintimes.com,2,2,1,2.0
meetup.com,1,1,1,1.0
meh.ro,1,1,1,1.0
meltybuzz.it,1,1,1,1.0
newquayweather.com,1,1,1,1.0
nextshark.com,1,1,1,1.0
newyorker.com,1,1,1,1.0
newsworks.org,46,46,1,46.0
newswithviews.com,1,1,1,1.0
newstalkflorida.com,1,1,1,1.0
newspaperdirect.com,1,1,1,1.0
newsmax.com,1,1,1,1.0
newser.com,1,1,1,1.0
news.com.au,1,1,1,1.0
newnationalist.net,1,1,1,1.0
memedroid.com,3,3,1,3.0
newgrounds.com,4,4,1,4.0
newenglishreview.org,11,11,1,11.0
nerdreactor.com,6,6,1,6.0
nekhbet.com,2,2,1,2.0
neiu.edu,1,1,1,1.0
neighborhoodscout.com,3,3,1,3.0
neatorama.com,5,5,1,5.0
ndsu.edu,1,1,1,1.0
nbcsports.com,25,25,1,25.0
nfap.com,3,3,1,3.0
ngfiles.com,2,2,1,2.0
nieuwsblad.be,1,1,1,1.0
nif.org,2,2,1,2.0
odlt.org,1,1,1,1.0
odditycentral.com,1,1,1,1.0
objectivite.org,5,5,1,5.0
obamaconspiracy.org,3,3,1,3.0
nutrition.org,1,1,1,1.0
numbeo.com,1,1,1,1.0
nsm88.org,2,2,1,2.0
nraila.org,1,1,1,1.0
nps.gov,6,6,1,6.0
npievents.com,5,5,1,5.0
npg.org,2,2,1,2.0
nouvelobs.com,5,5,1,5.0
noticierolarutadeoccidente.com,1,1,1,1.0
nos.nl,11,11,1,11.0
northerngoodies.com,4,4,1,4.0
nonalignedmedia.com,4,4,1,4.0
nola.com,8,8,1,8.0
noisyroom.net,1,1,1,1.0
nobodytm.com,1,1,1,1.0
nbc12.com,1,1,1,1.0
nazigassings.com,1,1,1,1.0
natvan.com,3,3,1,3.0
mobileread.com,1,1,1,1.0
mirabellabeauty.com,1,1,1,1.0
mintpressnews.com,0,0,1,0.0
minnpost.com,8,8,1,8.0
mindserpent.com,1,1,1,1.0
militaria-net.co.uk,8,8,1,8.0
milesmathis.com,1,1,1,1.0
mikraite.org,0,0,1,0.0
middleeasteye.net,2,2,1,2.0
michiganlawreview.org,2,2,1,2.0
michellepictures.com,2,2,1,2.0
michaelparenti.org,-3,-3,1,-3.0
micetrap.net,3,3,1,3.0
mhrn.org,26,26,1,26.0
metronews.ca,9,9,1,9.0
metrolyrics.com,3,3,1,3.0
mercyseat.net,2,2,1,2.0
mensxp.com,6,6,1,6.0
memeimages.com,-1,-1,1,-1.0
memegen.com,1,1,1,1.0
mnrepublic.com,8,8,1,8.0
mochimag.com,1,1,1,1.0
nathandamigo.com,7,7,1,7.0
monthlyreview.org,2,2,1,2.0
namebase.org,2,2,1,2.0
myshopify.com,1,1,1,1.0
mypostingcareer.com,4,4,1,4.0
myonlinemaps.com,5,5,1,5.0
mylearning.org,3,3,1,3.0
mybudget360.com,0,0,1,0.0
mwikipedia.org,1,1,1,1.0
mu.nu,2,2,1,2.0
mtvnimages.com,3,3,1,3.0
mtv.com,1,1,1,1.0
mt.gov,3,3,1,3.0
msecnd.net,4,4,1,4.0
mrt.com,1,1,1,1.0
moyoliving.org,6,6,1,6.0
movieraiders.net,6,6,1,6.0
move.com,3,3,1,3.0
motifake.com,1,1,1,1.0
mosaisk.com,1,1,1,1.0
montreal.qc.ca,1,1,1,1.0
kbtx.com,4,4,1,4.0
kake.com,3,3,1,3.0
futbolgrad.com,2,2,1,2.0
hdtimelapse.net,7,7,1,7.0
hightimes.com,1,1,1,1.0
hiddenmysteriesradio.com,2,2,1,2.0
hidabrut.com,1,1,1,1.0
hfhy64.com,5,5,1,5.0
heyjackass.com,2,2,1,2.0
hermes-press.com,1,1,1,1.0
heinonline.org,1,1,1,1.0
healthyandnaturalhabits.com,7,7,1,7.0
healingtalks.com,3,3,1,3.0
hdot.org,9,9,1,9.0
gwhatchet.com,5,5,1,5.0
hbo.com,-3,-3,1,-3.0
hasbarafellowships.org,7,7,1,7.0
harvardichthus.org,1,1,1,1.0
harrymcfee.com,1,1,1,1.0
harbornet.com,3,3,1,3.0
hanewsmedia.com,4,4,1,4.0
halloweeninstyle.com,7,7,1,7.0
halloweencostumes.com,4,4,1,4.0
haircutinspiration.com,1,1,1,1.0
hiphopisread.com,1,1,1,1.0
hiphopwired.com,1,1,1,1.0
hipsterhitler.com,1,1,1,1.0
hispanicheritage.org,3,3,1,3.0
htvapps.com,1,1,1,1.0
hrw.org,11,11,1,11.0
houseofidols.com,1,1,1,1.0
hotel-gatlinburg.com,3,3,1,3.0
horrornews.net,1,1,1,1.0
hope.edu,15,15,1,15.0
hongkiat.com,6,6,1,6.0
homeworkmarket.com,0,0,1,0.0
homedepot.com,1,1,1,1.0
holytrinityorthodox.org,1,1,1,1.0
hollowverse.com,1,1,1,1.0
hollaforums.com,2,2,1,2.0
hofmann.org,5,5,1,5.0
hockey-sweater.com,1,1,1,1.0
hitlerorchurchill.info,1,1,1,1.0
hitler.org,3,3,1,3.0
hitler-library.org,15,15,1,15.0
historyofcircumcision.net,0,0,1,0.0
history.co.uk,2,2,1,2.0
gwu.edu,5,5,1,5.0
gutenberg.org,3,3,1,3.0
k7.net,1,1,1,1.0
georgiaencyclopedia.org,3,3,1,3.0
glamour.com,2,2,1,2.0
girlsaskguys.com,4,4,1,4.0
gires.org.uk,2,2,1,2.0
gilzohar.ca,1,1,1,1.0
gifrific.com,1,1,1,1.0
gif-finder.com,45,45,1,45.0
getyarn.io,1,1,1,1.0
gettyimages.dk,1,1,1,1.0
gettyimages.com.au,1,1,1,1.0
gentlemansgazette.com,2,2,1,2.0
guns.com,7,7,1,7.0
genocide.org,13,13,1,13.0
genetics.org,2,2,1,2.0
generazione-identitaria.com,1,1,1,1.0
geert-hofstede.com,4,4,1,4.0
geeksandcom.com,7,7,1,7.0
gecko-cegco.ca,2,2,1,2.0
gao.gov,13,13,1,13.0
gannett-cdn.com,7,7,1,7.0
fwd.us,1,1,1,1.0
globescan.com,1,1,1,1.0
gnupg.org,3,3,1,3.0
goboiano.com,1,1,1,1.0
gocomics.com,25,25,1,25.0
guardianproject.info,3,3,1,3.0
guardianlv.com,1,1,1,1.0
grrrgraphics.com,2,2,1,2.0
greysquirrelcontrol.co.uk,3,3,1,3.0
greekmyths-greekmythology.com,1,1,1,1.0
grc.com,3,3,1,3.0
graytvinc.com,3,3,1,3.0
gph.is,2,2,1,2.0
gotoquiz.com,5,5,1,5.0
gothamcenter.org,3,3,1,3.0
gosection8.com,2,2,1,2.0
gornahoor.net,3,3,1,3.0
google.nl,1,1,1,1.0
google.hu,6,6,1,6.0
google.com.tr,3,3,1,3.0
goodstatic.com,2,2,1,2.0
goldonomic.com,1,1,1,1.0
gohuskies.com,2,2,1,2.0
gofundme.com,1,1,1,1.0
hubertlerch.com,2,2,1,2.0
huffingtonpost.ca,3,3,1,3.0
huffingtonpost.fr,3,3,1,3.0
jccstl.com,15,15,1,15.0
jewishtechs.com,3,3,1,3.0
jewishpress.com,1,1,1,1.0
jewishpolicycenter.org,3,3,1,3.0
jewishmag.com,2,2,1,2.0
jewishgeneticdiseases.org,1,1,1,1.0
jewfaq.org,1,1,1,1.0
jesusisbuddha.com,1,1,1,1.0
jesus-is-savior.com,1,1,1,1.0
jeffreygoldberg.net,6,6,1,6.0
japantimes.co.jp,11,11,1,11.0
human-stupidity.com,1,1,1,1.0
japansubculture.com,3,3,1,3.0
jakubmarian.com,-1,-1,1,-1.0
jacquesricher.com,2,2,1,2.0
jacobinmag.com,0,0,1,0.0
izismile.com,1,1,1,1.0
iza.org,1,1,1,1.0
ixquick-proxy.com,8,8,1,8.0
iwannawatch.to,5,5,1,5.0
italianrenaissance.org,5,5,1,5.0
jewornotjew.com,5,5,1,5.0
jezebel.com,1,1,1,1.0
joelvelasco.net,2,2,1,2.0
john-f-kennedy.net,5,5,1,5.0
k0nsl.org,11,11,1,11.0
jweekly.com,1,1,1,1.0
justice.gov,3,3,1,3.0
justice.gc.ca,2,2,1,2.0
justgetflux.com,1,1,1,1.0
jtvnw.net,3,3,1,3.0
jpgmag.com,9,9,1,9.0
jpg.wtf,3,3,1,3.0
joyfulheart.com,4,4,1,4.0
journalistopia.com,2,2,1,2.0
journalism.org,1,1,1,1.0
journal-neo.org,2,2,1,2.0
jotmonline.com,2,2,1,2.0
josephsciambra.com,8,8,1,8.0
joindiaspora.com,1,1,1,1.0
johntaylorgatto.com,2,2,1,2.0
johnderbyshire.com,1,1,1,1.0
johndclare.net,2,2,1,2.0
johnbakersblog.co.uk,1,1,1,1.0
isurvived.org,0,0,1,0.0
isogg.org,2,2,1,2.0
islamqa.info,1,1,1,1.0
indexmundi.com,2,2,1,2.0
independent.ie,7,7,1,7.0
indentityevropa.com,3,3,1,3.0
imolaoggi.it,9,9,1,9.0
imgix.net,1,1,1,1.0
imf.org,1,1,1,1.0
imao.us,2,2,1,2.0
imagegainer.com,0,0,1,0.0
iluvesports.com,6,6,1,6.0
illinois.edu,0,0,1,0.0
igenea.com,1,1,1,1.0
ifamericansknew.org,2,2,1,2.0
idnes.cz,-1,-1,1,-1.0
identitaere-bewegung.de,1,1,1,1.0
iconsoffright.com,2,2,1,2.0
ice.gov,2,2,1,2.0
iccfa.com,7,7,1,7.0
icann.org,1,1,1,1.0
ibtimes.co.in,4,4,1,4.0
ias.edu,4,4,1,4.0
independent.org,1,1,1,1.0
india.com,3,3,1,3.0
islamophobiawatch.co.uk,1,1,1,1.0
indiewire.com,13,13,1,13.0
irishcentral.com,2,2,1,2.0
iresearchnet.com,12,12,1,12.0
iranpoliticsclub.net,0,0,1,0.0
iqtestforfree.net,4,4,1,4.0
iqtest.dk,1,1,1,1.0
iq-tests.eu,1,1,1,1.0
ipage.com,1,1,1,1.0
investors.com,3,3,1,3.0
intoday.in,1,1,1,1.0
intersectionalaltright.com,11,11,1,11.0
interno.it,1,1,1,1.0
internationalecon.com,1,1,1,1.0
intaction.org,3,3,1,3.0
instaud.io,2,2,1,2.0
ingustravel.com,1,1,1,1.0
ingeniouspress.com,4,4,1,4.0
infraredheating.com,2,2,1,2.0
infoshop.org,1,1,1,1.0
ineedmerch.com,3,3,1,3.0
zverige.com,3,3,1,3.0
