domain,mean_score,count,max_score,min_score
reddit.com,15.986828350407693,4783,855,0
youtube.com,15.63106525376464,3586,512,0
sli.mg,84.7185628742515,1002,704,0
imgur.com,63.471311475409834,976,650,0
youtu.be,21.00378787878788,792,1208,0
twitter.com,36.347972972972975,592,606,0
redd.it,37.32716049382716,486,294,0
reddituploads.com,49.209713024282564,453,602,0
breitbart.com,23.0472972972973,296,233,0
wordpress.com,10.416083916083917,286,362,0
dailystormer.com,28.0703125,256,210,0
therightstuff.biz,15.795833333333333,240,118,0
blogspot.com,17.8141592920354,226,253,0
archive.is,21.576354679802957,203,299,0
dailymail.co.uk,36.22754491017964,167,390,0
express.co.uk,36.197080291970806,137,471,1
wikipedia.org,17.4140625,128,468,0
twimg.com,76.35779816513761,109,655,0
soundcloud.com,12.339805825242719,103,77,1
yahoo.com,25.377777777777776,90,186,1
counter-currents.com,8.068965517241379,87,100,0
radixjournal.com,18.024390243902438,82,353,0
dailycaller.com,27.62962962962963,81,134,1
rt.com,27.133333333333333,75,149,1
nytimes.com,11.472972972972974,74,136,1
washingtonpost.com,19.39189189189189,74,169,0
amerika.org,6.675675675675675,74,68,1
amren.com,13.232876712328768,73,95,1
theguardian.com,23.728571428571428,70,267,1
foxnews.com,25.225806451612904,62,273,0
facebook.com,19.131147540983605,61,377,0
independent.co.uk,32.644067796610166,59,288,1
divine-truth.org,7.214285714285714,56,48,0
vdare.com,19.925925925925927,54,255,0
telegraph.co.uk,20.333333333333332,54,368,1
eurocanadian.ca,9.23913043478261,46,41,0
cnn.com,16.733333333333334,45,80,0
bbc.com,24.767441860465116,43,262,0
takimag.com,9.439024390243903,41,44,0
reuters.com,23.65,40,203,1
bbc.co.uk,22.42105263157895,38,166,1
thegatewaypundit.com,35.8421052631579,38,243,0
google.com,19.62162162162162,37,202,1
forward.com,22.666666666666668,36,123,0
thealternativehypothesis.org,13.057142857142857,35,65,1
unz.com,15.085714285714285,35,127,0
zerohedge.com,27.441176470588236,34,176,1
archive.org,13.205882352941176,34,74,0
socialmatter.net,5.787878787878788,33,16,1
archive.fo,23.75,32,133,2
theoccidentalobserver.net,8.806451612903226,31,31,2
huffingtonpost.com,28.266666666666666,30,330,0
politico.com,18.0,29,144,1
altright.com,4.964285714285714,28,33,1
nationalvanguard.org,23.464285714285715,28,103,4
thejournal.ie,22.40740740740741,27,193,2
bittube.co,3.5185185185185186,27,16,0
liveleak.com,30.884615384615383,26,181,0
theatlantic.com,22.44,25,167,1
vox.com,11.96,25,68,0
fashthenation.com,21.24,25,160,1
medium.com,11.25,24,65,0
dw.com,19.541666666666668,24,108,0
renegadetribune.com,6.75,24,29,0
bloomberg.com,24.08695652173913,23,213,0
blogspot.ca,7.304347826086956,23,30,0
cbslocal.com,16.454545454545453,22,65,0
nypost.com,29.227272727272727,22,197,1
infowars.com,12.363636363636363,22,78,1
dissidentright.com,5.2272727272727275,22,17,2
redditmedia.com,69.14285714285714,21,553,0
usatoday.com,25.095238095238095,21,146,1
quora.com,5.0,21,30,0
tumblr.com,18.428571428571427,21,160,0
thesun.co.uk,20.333333333333332,21,99,0
newobserveronline.com,18.35,20,69,1
heatst.com,18.05,20,80,1
buzzfeed.com,20.05263157894737,19,106,1
returnofkings.com,14.166666666666666,18,94,1
redice.tv,26.941176470588236,17,168,1
vice.com,21.705882352941178,17,146,1
antimarxism.com,8.0,17,40,1
wnd.com,18.352941176470587,17,87,2
realclearpolitics.com,25.58823529411765,17,154,0
theamericanrevenant.com,27.11764705882353,17,171,2
thedailybeast.com,15.941176470588236,17,54,0
time.com,19.9375,16,67,3
informationliberation.com,58.0625,16,265,7
cbc.ca,42.9375,16,187,1
businessinsider.com,35.625,16,217,1
politico.eu,26.4375,16,96,1
spectator.co.uk,9.5625,16,30,1
occidentaldissent.com,8.4375,16,34,3
buchanan.org,9.6,15,26,0
therightfew.com,6.733333333333333,15,39,0
msn.com,26.133333333333333,15,109,3
washingtontimes.com,20.066666666666666,15,67,0
timesofisrael.com,15.666666666666666,15,68,1
npr.org,25.6,15,76,2
latimes.com,16.666666666666668,15,96,1
vid.me,17.933333333333334,15,125,1
fbcdn.net,65.35714285714286,14,454,2
jihadwatch.org,19.0,14,62,0
thelocal.de,15.615384615384615,13,49,1
nbcnews.com,23.846153846153847,13,98,7
8ch.net,6.769230769230769,13,27,1
cbsnews.com,42.15384615384615,13,239,1
thefederalist.com,17.846153846153847,13,43,5
gotnews.com,60.916666666666664,12,525,2
realpolitiknews.com,18.916666666666668,12,95,1
mediaite.com,32.5,12,182,1
irishtimes.com,11.75,12,30,1
ceddit.com,26.416666666666668,12,230,0
hollywoodreporter.com,20.5,12,98,1
wsj.com,10.5,12,40,1
haaretz.com,10.916666666666666,12,80,1
nationalreview.com,19.75,12,153,1
pinimg.com,31.916666666666668,12,164,0
jim.com,18.5,12,46,0
infostormer.com,31.727272727272727,11,195,3
fivethirtyeight.com,7.181818181818182,11,20,1
thecollegefix.com,40.18181818181818,11,180,1
wikileaks.org,17.0,11,52,1
xenosystems.net,3.6363636363636362,11,7,1
4chan.org,58.81818181818182,11,305,0
magafeed.com,39.45454545454545,11,114,3
nydailynews.com,27.818181818181817,11,124,1
righton.net,2.3,10,5,0
vimeo.com,18.0,10,118,2
mu.nu,14.1,10,78,1
amazon.com,12.5,10,85,1
bostonglobe.com,14.1,10,53,1
thehill.com,33.9,10,165,0
ibtimes.co.uk,29.9,10,126,2
theintercept.com,13.9,10,51,3
go.com,26.7,10,102,2
nationalpost.com,10.4,10,27,2
salon.com,41.1,10,124,3
change.org,38.1,10,132,1
cnbc.com,34.4,10,210,1
katehon.com,5.5,10,17,1
abc.net.au,14.1,10,81,0
mirror.co.uk,12.444444444444445,9,63,0
propertarianism.com,2.7777777777777777,9,5,1
economist.com,16.333333333333332,9,53,4
nymag.com,43.333333333333336,9,242,4
nih.gov,30.444444444444443,9,108,1
chicagotribune.com,13.555555555555555,9,24,1
4cdn.org,31.22222222222222,9,189,1
foreignpolicy.com,37.22222222222222,9,251,0
ap.org,10.333333333333334,9,28,1
gatestoneinstitute.org,34.666666666666664,9,96,3
pewresearch.org,9.88888888888889,9,31,1
nationalists.org,13.0,9,51,3
mondoweiss.net,13.0,9,42,2
vesselnews.io,30.375,8,95,3
jpost.com,18.625,8,70,3
streamable.com,10.5,8,20,0
postimg.org,4.0,8,20,1
strawpoll.me,11.625,8,38,0
nationaleconomicseditorial.com,14.375,8,66,1
europa-terra-nostra.com,4.0,8,11,1
theamericanconservative.com,6.625,8,16,1
donaldjtrump.com,9.125,8,15,4
madworldnews.com,18.75,8,39,1
notpoliticallycorrect.me,12.875,8,27,3
campusreform.org,30.0,8,127,1
wikimedia.org,24.0,8,69,1
reason.com,13.5,8,47,0
whitehouse.gov,11.75,8,58,0
anonymousconservative.com,7.625,8,10,2
pjmedia.com,33.0,7,103,3
periscope.tv,28.142857142857142,7,107,1
townhall.com,5.571428571428571,7,10,0
vanguardnewsnetwork.com,2.857142857142857,7,9,0
politicalnewsupdate.com,21.142857142857142,7,48,4
hockey-sweater.com,6.0,7,14,0
atavisionary.com,10.428571428571429,7,37,0
vocativ.com,16.714285714285715,7,40,1
speisa.com,28.285714285714285,7,124,3
qz.com,15.857142857142858,7,65,2
slate.com,29.0,7,75,3
washingtonexaminer.com,39.42857142857143,7,111,9
thelocal.se,19.428571428571427,7,50,1
rawstory.com,42.0,6,150,7
dailykos.com,7.666666666666667,6,25,0
lifezette.com,24.833333333333332,6,52,6
gatesofvienna.net,35.666666666666664,6,57,5
numbersusa.com,89.66666666666667,6,357,3
renegadebroadcasting.com,2.0,6,3,1
killtoparty.com,3.3333333333333335,6,7,0
kym-cdn.com,100.33333333333333,6,336,1
jasonkessler.net,11.833333333333334,6,21,2
frontpagemag.com,13.5,6,44,2
pamelageller.com,11.0,6,21,2
theconservativetreehouse.com,14.0,6,52,2
cnsnews.com,22.666666666666668,6,64,8
france24.com,11.666666666666666,6,19,3
artofmanliness.com,5.0,6,13,2
thelibertyconservative.com,7.166666666666667,6,14,3
theglobeandmail.com,15.666666666666666,6,26,6
giphy.com,16.833333333333332,6,46,1
globalnews.ca,27.0,6,79,1
theralphretort.com,19.666666666666668,6,51,6
imgflip.com,31.166666666666668,6,156,1
al.com,24.0,6,81,9
thetab.com,19.166666666666668,6,66,1
google.ca,6.0,6,15,1
gfycat.com,131.16666666666666,6,495,10
sputniknews.com,46.0,6,113,5
stormfront.org,5.0,6,12,0
disquscdn.com,93.0,5,192,1
thinkprogress.org,29.2,5,54,3
dailywire.com,11.8,5,23,6
theimaginativeconservative.org,5.4,5,7,3
fjcdn.com,113.0,5,304,5
dailyrecord.co.uk,46.2,5,95,21
fortune.com,4.2,5,9,0
dilbert.com,9.2,5,19,1
independent.ie,18.2,5,39,3
azquotes.com,41.2,5,62,17
standard.co.uk,32.6,5,124,3
jrbooksonline.com,18.6,5,44,2
sciencedirect.com,32.4,5,98,5
bandcamp.com,33.8,5,114,9
jta.org,28.2,5,46,2
newsbusters.org,34.4,5,94,3
russia-insider.com,46.8,5,120,13
kickstarter.com,4.6,5,11,1
newmediacentral.net,22.2,5,74,3
mrctv.org,20.8,5,58,2
linkis.com,2.6,5,7,1
mises.org,6.8,5,9,4
whitegenocideproject.com,30.8,5,115,2
rationalwiki.org,18.2,5,65,1
wired.com,13.8,5,30,1
racialobserver.com,10.4,5,15,6
proudboymagazine.com,9.8,5,21,4
wjhl.com,8.6,5,37,1
pbs.org,14.2,5,31,1
4plebs.org,83.2,5,259,1
identityevropa.com,35.2,5,117,4
usnews.com,9.6,5,30,1
blogspot.de,48.4,5,151,5
northwestfront.org,5.4,5,7,3
ynetnews.com,13.2,5,23,9
gizmodo.com,40.2,5,134,1
tabletmag.com,8.0,5,14,4
gofundme.com,15.8,5,41,1
variety.com,33.8,5,74,4
davidduke.com,29.75,4,87,7
mixcloud.com,10.0,4,15,5
npiamerica.org,39.0,4,140,1
dailymotion.com,6.75,4,16,3
philly.com,9.5,4,13,7
digitaltrends.com,55.0,4,109,17
newsmax.com,28.25,4,61,6
news.com.au,8.75,4,16,3
pic.al,90.0,4,133,30
thetomhenryshow.com,10.0,4,19,4
newyorker.com,12.25,4,30,4
theweek.com,7.75,4,14,3
theblaze.com,25.0,4,70,5
qq.com,2.75,4,5,1
encyclopediadramatica.se,10.75,4,31,1
ft.com,31.0,4,92,7
fusion.net,7.5,4,25,0
forbes.com,23.5,4,59,1
focus.de,49.5,4,167,1
great-replacement.com,24.5,4,46,11
hotair.com,8.75,4,23,2
houseofidols.com,3.0,4,5,1
startribune.com,21.25,4,56,7
ijr.com,84.25,4,200,10
splcenter.org,44.0,4,160,3
spiegel.de,29.5,4,70,9
informationclearinghouse.info,19.25,4,62,2
shoebat.com,8.0,4,23,1
judicialwatch.org,23.25,4,73,2
thelocal.at,35.0,4,71,10
rollingstone.com,13.25,4,22,6
thebatt.com,46.5,4,115,3
redpanels.com,62.25,4,174,3
thenation.com,9.0,4,29,0
dailydot.com,43.75,4,120,1
pastebin.com,9.75,4,13,6
city-journal.org,4.75,4,8,1
tradyouth.org,10.25,4,18,5
altleft.com,3.25,4,4,2
welt.de,3.5,4,6,2
bluenationreview.com,4.5,4,14,1
americanthinker.com,10.5,4,16,4
xyz.net.au,6.0,4,12,0
weebly.com,7.5,4,20,1
westernidentity.info,4.25,4,8,1
claremont.org,6.25,4,13,2
typepad.com,10.75,4,13,4
willowbrooklane.net,1.0,4,1,1
adl.org,5.75,4,12,3
contemptiblelittlearmyofone.com,1.5,4,2,1
apnews.com,23.25,4,60,5
regated.com,5.0,3,12,1
tinypic.com,12.0,3,33,1
cis.org,9.0,3,11,6
udel.edu,2.3333333333333335,3,5,1
rwdeathsquad.com,6.0,3,10,1
baltimoresun.com,13.333333333333334,3,25,0
thejewishalternative.com,30.0,3,66,3
techcrunch.com,18.0,3,40,2
clickondetroit.com,47.0,3,118,5
livejournal.com,6.333333333333333,3,11,4
livescience.com,7.666666666666667,3,15,0
wikiislam.net,5.666666666666667,3,7,4
logicalmeme.com,5.0,3,7,2
000webhostapp.com,1.6666666666666667,3,3,1
themoscowtimes.com,16.666666666666668,3,27,8
mcclatchydc.com,77.66666666666667,3,213,5
quillette.com,9.666666666666666,3,23,2
mediamatters.org,16.333333333333332,3,19,15
punchingbagpost.com,12.0,3,16,9
mercurynews.com,31.666666666666668,3,80,7
metacanada.ca,7.0,3,13,2
metro.co.uk,5.666666666666667,3,9,2
theendofzion.com,7.333333333333333,3,16,0
fox13now.com,58.0,3,136,2
scientificamerican.com,18.0,3,36,1
voat.co,4.333333333333333,3,9,2
blazingcatfur.ca,12.0,3,20,4
ifcdn.com,4.333333333333333,3,11,1
ibtimes.com,33.0,3,82,0
blogspot.co.uk,4.0,3,5,3
steynonline.com,3.6666666666666665,3,7,2
blogspot.ie,17.333333333333332,3,42,5
businessinsider.nl,37.0,3,63,12
psmag.com,18.0,3,45,3
google.co.uk,54.666666666666664,3,107,25
google.ie,9.333333333333334,3,17,4
stuff.co.nz,16.0,3,37,4
heavy.com,13.333333333333334,3,19,6
teespring.com,1.0,3,1,1
heathenwomen.com,1.0,3,2,0
blackpigeonspeaks.com,22.666666666666668,3,32,4
spiked-online.com,6.666666666666667,3,14,3
bizpacreview.com,5.666666666666667,3,9,3
theamericantribune.org,20.666666666666668,3,36,12
gallup.com,14.666666666666666,3,24,8
inquisitr.com,14.0,3,32,1
insidehighered.com,6.0,3,11,1
instagram.com,31.666666666666668,3,71,0
smoloko.com,5.0,3,8,2
freedomfront.org,26.333333333333332,3,34,17
freebeacon.com,6.666666666666667,3,12,2
itsgoingdown.org,2.6666666666666665,3,7,0
jack-donovan.com,4.0,3,8,2
jacobinmag.com,6.666666666666667,3,12,2
wcnc.com,20.333333333333332,3,50,3
sfgate.com,4.666666666666667,3,8,1
fox2now.com,3.3333333333333335,3,7,1
mic.com,24.333333333333332,3,38,16
ew.com,5.333333333333333,3,8,1
detroitnews.com,38.0,3,58,7
patreon.com,114.33333333333333,3,268,4
observer.com,10.333333333333334,3,15,5
aljazeera.com,35.0,3,67,3
darkmoon.me,18.333333333333332,3,40,4
nature.com,8.333333333333334,3,11,4
thesaker.is,6.0,3,13,2
alternet.org,8.0,3,11,4
downtrend.com,53.0,3,93,1
deadline.com,11.666666666666666,3,14,9
american3rdposition.com,30.666666666666668,3,52,1
orlandosentinel.com,18.666666666666668,3,50,1
motherjones.com,8.0,3,17,1
norwegiandefenceleague.info,14.0,3,31,1
discord.gg,2.0,3,3,1
ytimg.com,7.0,3,8,6
newsone.com,2.0,3,4,0
deviantart.com,3.6666666666666665,3,8,1
prntscr.com,10.666666666666666,3,16,6
minds.com,9.0,3,16,0
therebel.media,55.666666666666664,3,161,1
theverge.com,9.0,3,13,5
edge.org,7.666666666666667,3,9,5
patdollard.com,3.0,3,5,1
yournewswire.com,19.5,2,33,6
indiatimes.com,8.5,2,9,8
infogalactic.com,10.5,2,11,10
abc7.com,19.5,2,35,4
pewinternet.org,2.5,2,4,1
southfront.org,8.5,2,9,8
indy100.com,6.5,2,7,6
beforeitsnews.com,3.0,2,5,1
slatestarcodex.com,13.0,2,21,5
nordfront.se,9.0,2,15,3
smh.com.au,7.0,2,14,0
billboard.com,3.5,2,6,1
informaza.com,15.0,2,23,7
philstar.com,21.5,2,37,6
aboutcroatia.net,12.5,2,24,1
abqjournal.com,9.0,2,10,8
9gag.com,44.5,2,62,27
investors.com,9.5,2,11,8
iol.co.za,1.5,2,2,1
israelnationalnews.com,47.0,2,55,39
irishexaminer.com,26.0,2,36,16
snopes.com,26.0,2,46,6
wnyc.org,17.0,2,29,5
squarespace.com,5.0,2,10,0
patriotpost.us,18.0,2,21,15
harvard.edu,11.5,2,14,9
patch.com,49.5,2,93,6
paperhop.com,2.0,2,3,1
patheos.com,27.0,2,28,26
henrymakow.com,5.0,2,9,1
surveymonkey.com,0.5,2,1,0
surrey.ac.uk,11.5,2,19,4
suntimes.com,5.0,2,9,1
hillaryclinton.com,31.0,2,60,2
osu.edu,1.0,2,2,0
vnnforum.com,8.0,2,14,2
ostarapublications.com,8.0,2,12,4
hoover.org,4.5,2,6,3
ihypocrite.net,63.5,2,118,9
voanews.com,4.5,2,9,0
paulcraigroberts.org,2.0,2,2,2
oregonlive.com,13.0,2,17,9
huffingtonpost.co.uk,8.5,2,16,1
blogspot.com.au,1.5,2,2,1
steamusercontent.com,1.0,2,2,0
blogspot.co.za,1.5,2,2,1
people-press.org,7.0,2,14,0
pepereport.com,14.0,2,16,12
phys.org,6.0,2,8,4
blogspot.co.nz,7.5,2,8,7
ihr.org,28.0,2,48,8
icelandreview.com,7.5,2,9,6
yiannopoulos.net,29.0,2,45,13
nj.com,5.5,2,9,2
sfchronicle.com,9.0,2,14,4
redicecreations.com,4.5,2,5,4
lifesitenews.com,18.5,2,23,14
pornhub.com,0.5,2,1,0
wral.com,15.5,2,26,5
army.mil,5.0,2,7,3
arizonaamerican-statesman.com,8.0,2,10,6
nationalgeographic.com,3.0,2,3,3
mybroadband.co.za,4.0,2,7,1
altrightythen.com,2.0,2,4,0
realitycallsshow.com,14.0,2,17,11
aol.com,157.5,2,251,64
mpcdot.com,6.0,2,10,2
rasmussenreports.com,4.0,2,7,1
anonmgur.com,101.0,2,193,9
mailonsunday.co.uk,8.5,2,17,0
makeameme.org,17.0,2,30,4
marcomm.news,21.0,2,25,17
morgenpost.de,3.0,2,5,1
radioaryan.com,9.0,2,12,6
marxists.org,2.0,2,4,0
mashable.com,36.0,2,47,25
monkitech.com,1.0,2,1,1
ancestry.com,6.5,2,9,4
puu.sh,4.0,2,6,2
mlive.com,8.5,2,13,4
missoulian.com,148.0,2,272,24
metapedia.org,8.5,2,11,6
wftv.com,9.0,2,12,6
libsyn.com,10.0,2,13,7
nbcchicago.com,22.5,2,28,17
xhamster.com,1.0,2,1,1
sendvid.com,6.5,2,12,1
jewishjournal.com,14.5,2,25,4
scribd.com,7.0,2,7,7
woodtv.com,10.0,2,16,4
newsweek.com,101.0,2,143,59
webmshare.com,1.5,2,2,1
sciencemag.org,18.0,2,21,15
weforum.org,14.0,2,15,13
aim.org,31.0,2,48,14
newsday.com,9.5,2,15,4
sci-hub.cc,10.5,2,18,3
newscientist.com,5.5,2,10,1
balkaninsight.com,2.5,2,3,2
wreg.com,222.0,2,414,30
rte.ie,5.0,2,6,4
kidsdata.org,18.0,2,35,1
westcoastrxers.com,6.5,2,11,2
azcentral.com,62.0,2,109,15
righteousmind.com,6.0,2,10,2
newrepublic.com,2.0,2,3,1
avclub.com,7.0,2,8,6
atlantablackstar.com,6.0,2,11,1
laweekly.com,12.5,2,22,3
nbcphiladelphia.com,13.0,2,23,3
resist.com,5.5,2,6,5
religionnews.com,44.5,2,83,6
gyazo.com,52.0,2,84,20
wasp.love,15.0,2,16,14
uchicago.edu,6.0,2,11,1
dispatch.com,12.0,2,13,11
thephora.net,7.5,2,8,7
emberwolf.com,39.0,2,52,26
thestar.com,89.5,2,109,70
theamericanmirror.com,2.5,2,3,2
engadget.com,22.0,2,26,18
counterpunch.org,8.5,2,12,5
digitaljournal.com,16.5,2,21,12
deviantart.net,22.0,2,32,12
fox59.com,68.5,2,132,5
gettyimages.com,6.5,2,11,2
thenews.pl,19.5,2,37,2
espn.com,3.5,2,7,0
calgaryherald.com,16.5,2,19,14
glennbeck.com,3.0,2,5,1
the-american-interest.com,2.5,2,4,1
esquire.com,16.0,2,31,1
fee.org,7.0,2,14,0
elle.com,33.5,2,58,9
theapricity.com,3.5,2,4,3
c-span.org,11.0,2,17,5
funnyjunk.com,79.0,2,157,1
dropfile.to,3.5,2,6,1
drudgereport.com,73.0,2,145,1
fox32chicago.com,175.0,2,302,48
unreddit.com,20.5,2,30,11
trunews.com,10.5,2,18,3
therealstrategy.com,81.5,2,161,2
ebay.com,5.0,2,10,0
everydayfeminism.com,37.0,2,70,4
coub.com,11.5,2,18,5
freep.com,12.5,2,20,5
theduran.com,3.0,2,5,1
freerepublic.com,34.0,2,58,10
census.gov,6.0,2,8,4
friatider.se,4.0,2,7,1
conservativereview.com,8.0,2,12,4
follyofreason.org,5.0,2,8,2
thepoliticalcesspool.org,11.0,2,19,3
thewrap.com,28.0,2,49,7
fox5ny.com,1.5,2,3,0
cryptome.org,10.5,2,18,3
ctvnews.ca,10.0,2,15,5
greyenlightenment.com,7.5,2,15,0
toqonline.com,6.0,2,9,3
dailystar.co.uk,37.5,2,66,9
dangerandplay.com,9.0,2,15,3
dailysignal.com,4.5,2,5,4
thelocal.it,73.0,2,137,9
csmonitor.com,14.5,2,26,3
fakingstarwars.net,5.0,2,6,4
vho.org,7.5,2,14,1
thelastamericanvagabond.com,12.0,2,14,10
bostonherald.com,16.0,2,22,10
goo.gl,9.0,2,17,1
thezog.info,10.0,2,19,1
thelibertarianrepublic.com,112.5,2,171,54
tubeunblock.org,16.0,2,31,1
clipsharelive.com,3.5,2,6,1
govtrack.us,9.5,2,10,9
grabien.com,8.0,2,14,2
citizen.co.za,4.0,2,7,1
traditionalright.com,22.5,2,41,4
thelocal.dk,66.5,2,69,64
worldjewishcongress.org,5.0,1,5,5
therapidian.org,23.0,1,23,23
project-syndicate.org,8.0,1,8,8
thelocal.fr,6.0,1,6,6
prometheism.net,7.0,1,7,7
thequietus.com,6.0,1,6,6
withgoogle.com,10.0,1,10,10
worldstarhiphop.com,8.0,1,8,8
re-online.org,1.0,1,1,1
professorwatchlist.org,3.0,1,3,3
theregister.co.uk,2.0,1,2,2
prnt.sc,28.0,1,28,28
tvnz.co.nz,68.0,1,68,68
privateinternetaccess.com,5.0,1,5,5
princeton.edu,3.0,1,3,3
thereligionofpeace.com,3.0,1,3,3
worldwideweirdnews.com,64.0,1,64,64
thelocal.ch,7.0,1,7,7
primarymodel.com,9.0,1,9,9
pride.com,73.0,1,73,73
workpermit.com,16.0,1,16,16
wiktionary.org,5.0,1,5,5
truth-out.org,28.0,1,28,28
theprp.com,2.0,1,2,2
radicalhumanity.net,1.0,1,1,1
radio.cz,24.0,1,24,24
thenewfem.com,10.0,1,10,10
rabbimindset.com,8.0,1,8,8
truthrevolt.org,4.0,1,4,4
wixsite.com,2.0,1,2,2
wjla.com,28.0,1,28,28
wisn.com,19.0,1,19,19
wjtv.com,3.0,1,3,3
thelocalvoice.net,49.0,1,49,49
thenextweb.com,41.0,1,41,41
tv2oj.dk,6.0,1,6,6
railroadedornot.com,3.0,1,3,3
wmbriggs.com,18.0,1,18,18
truthjustice.net,7.0,1,7,7
tvanouvelles.ca,6.0,1,6,6
thelocal.no,5.0,1,5,5
ramzpaul.com,3.0,1,3,3
truthandaction.org,110.0,1,110,110
pumpkinperson.com,11.0,1,11,11
pump.io,4.0,1,4,4
theonion.com,9.0,1,9,9
randago.com,10.0,1,10,10
wiley.com,6.0,1,6,6
ptt.gov,4.0,1,4,4
psychologytoday.com,7.0,1,7,7
thepiratebay.org,58.0,1,58,58
thepoke.co.uk,5.0,1,5,5
prospectmagazine.co.uk,11.0,1,11,11
quadrant.org.au,4.0,1,4,4
thesocialcontract.com,12.0,1,12,12
therightscoop.com,18.0,1,18,18
yourtango.com,55.0,1,55,55
petersaysstuff.com,1.0,1,1,1
pewforum.org,2.0,1,2,2
thisdaddoes.com,2.0,1,2,2
pewhispanic.org,3.0,1,3,3
yougov.co.uk,5.0,1,5,5
tradworker.org,7.0,1,7,7
yorkshirepost.co.uk,11.0,1,11,11
phillyvoice.com,17.0,1,17,17
philosophyofmetrics.com,6.0,1,6,6
theweek.co.uk,2.0,1,2,2
transgenderreality.com,1.0,1,1,1
thesun.ie,30.0,1,30,30
photobucket.com,7.0,1,7,7
tribune.com.pk,11.0,1,11,11
thestate.xyz,20.0,1,20,20
ylilauta.org,25.0,1,25,25
yescalifornia.org,3.0,1,3,3
yourohiovalley.com,5.0,1,5,5
thoughtcatalog.com,12.0,1,12,12
pressdemocrat.com,36.0,1,36,36
traditionalbritain.org,0.0,1,0,0
todayfm.com,6.0,1,6,6
tomwoods.com,7.0,1,7,7
zionistreport.com,12.0,1,12,12
topdocumentaryfilms.com,4.0,1,4,4
tickld.com,2.0,1,2,2
touchstonemag.com,2.0,1,2,2
paulnehlen.com,9.0,1,9,9
paultown.com,2.0,1,2,2
paypal.me,10.0,1,10,10
pbase.com,4.0,1,4,4
zetaboards.com,1.0,1,1,1
pepe-the-frog.com,1.0,1,1,1
thugify.com,8.0,1,8,8
zerothposition.com,1.0,1,1,1
petapixel.com,29.0,1,29,29
zdf.de,9.0,1,9,9
thoughtmaybe.com,11.0,1,11,11
yelp.com,0.0,1,0,0
triggerwarning.us,38.0,1,38,38
pix11.com,25.0,1,25,25
yellodyno.com,1.0,1,1,1
thesource.com,6.0,1,6,6
thesocialnationalist.com,20.0,1,20,20
pomf.is,23.0,1,23,23
theseattletribune.com,18.0,1,18,18
therussophile.org,10.0,1,10,10
portlandoregon.gov,21.0,1,21,21
tripod.com,1.0,1,1,1
wpo.st,9.0,1,9,9
theroot.com,23.0,1,23,23
postandcourier.com,2.0,1,2,2
trumpcoin.com,3.0,1,3,3
wp.pl,2.0,1,2,2
wp.com,7.0,1,7,7
pr0gramm.com,58.0,1,58,58
praag.org,2.0,1,2,2
pravoslavie.ru,9.0,1,9,9
preiselbauer.de,1.0,1,1,1
politifake.org,9.0,1,9,9
politifact.com,8.0,1,8,8
politicsweb.co.za,17.0,1,17,17
wxyz.com,19.0,1,19,19
pixelrebirth.net,10.0,1,10,10
thestarpress.com,5.0,1,5,5
thestage.co.uk,4.0,1,4,4
player.fm,4.0,1,4,4
pnas.org,14.0,1,14,14
poetryloverspage.com,2.0,1,2,2
triggrd.org,43.0,1,43,43
thespec.com,3.0,1,3,3
politicsinn.com,62.0,1,62,62
wvgazettemail.com,2.0,1,2,2
trinicenter.com,1.0,1,1,1
wtop.com,26.0,1,26,26
writerbeat.com,35.0,1,35,35
politics.ie,7.0,1,7,7
politicsforum.org,4.0,1,4,4
politicshome.com,16.0,1,16,16
tvo.org,5.0,1,5,5
teamrock.com,5.0,1,5,5
redalertpolitics.com,0.0,1,0,0
splitsider.com,40.0,1,40,40
walmart.com,109.0,1,109,109
wallstreetoasis.com,1.0,1,1,1
walb.com,5.0,1,5,5
usyd.edu.au,4.0,1,4,4
wagingnonviolence.org,7.0,1,7,7
wafb.com,15.0,1,15,15
uueduudised.ee,271.0,1,271,271
w-f.is,6.0,1,6,6
uvioo.com,1.0,1,1,1
usni.org,13.0,1,13,13
theambitjournal.com,84.0,1,84,84
sspx.org,12.0,1,12,12
ssrn.com,8.0,1,8,8
vulture.com,12.0,1,12,12
voxeu.org,6.0,1,6,6
uvu.edu,0.0,1,0,0
stanford.edu,4.0,1,4,4
valentinesdaywishes.org,2.0,1,2,2
speakingtree.in,2.0,1,2,2
theantimedia.org,4.0,1,4,4
whloss.com,29.0,1,29,29
solecollector.com,7.0,1,7,7
wbur.org,2.0,1,2,2
smerconish.com,17.0,1,17,17
wbtv.com,3.0,1,3,3
upworthy.com,134.0,1,134,134
smi.mg,1.0,1,1,1
thebarchive.com,26.0,1,26,26
wbfo.org,19.0,1,19,19
solargeneral.org,2.0,1,2,2
sott.net,1.0,1,1,1
uscourts.gov,6.0,1,6,6
urbandictionary.com,30.0,1,30,30
theawl.com,1.0,1,1,1
wayoflife.org,11.0,1,11,11
usc.edu,92.0,1,92,92
waynemadsenreport.com,6.0,1,6,6
watoday.com.au,1.0,1,1,1
uscatholic.org,13.0,1,13,13
tinyrevolution.com,8.0,1,8,8
vam.ac.uk,16.0,1,16,16
the-scientist.com,22.0,1,22,22
star-telegram.com,85.0,1,85,85
swarajyamag.com,146.0,1,146,146
sun-sentinel.com,15.0,1,15,15
sundayworld.com,248.0,1,248,248
sunherald.com,16.0,1,16,16
supload.com,76.0,1,76,76
telegram.com,24.0,1,24,24
swans.com,4.0,1,4,4
telegraaf.nl,93.0,1,93,93
vidhuber.com,6.0,1,6,6
vk.me,37.0,1,37,37
starecat.com,4.0,1,4,4
virginia.edu,8.0,1,8,8
teechip.com,8.0,1,8,8
talkingpointsmemo.com,6.0,1,6,6
talkradio.co.uk,76.0,1,76,76
tapprweb.com,68.0,1,68,68
tartarus.org,2.0,1,2,2
viking.red,12.0,1,12,12
techdirt.com,12.0,1,12,12
sullivan-county.com,214.0,1,214,214
stunninglist.com,1.0,1,1,1
stuffwhitepeoplelike.com,7.0,1,7,7
telesurtv.net,5.0,1,5,5
startclass.com,1.0,1,1,1
statesmanjournal.com,107.0,1,107,107
static-economist.com,3.0,1,3,3
statista.com,12.0,1,12,12
stewwebb.com,2.0,1,2,2
tes.com,4.0,1,4,4
vancouversun.com,5.0,1,5,5
tenor.co,1.0,1,1,1
vox-cdn.com,51.0,1,51,51
vanderbilt.edu,3.0,1,3,3
vocaroo.com,55.0,1,55,55
tennessean.com,13.0,1,13,13
temp.pm,8.0,1,8,8
streetcarnage.com,33.0,1,33,33
veteranstoday.com,4.0,1,4,4
vmir.su,10.0,1,10,10
study.com,0.0,1,0,0
thebostontribune.com,1.0,1,1,1
slavorum.org,38.0,1,38,38
upi.com,1.0,1,1,1
rightlyconsidered.org,4.0,1,4,4
retortik.com,3.0,1,3,3
westernjournalism.com,18.0,1,18,18
reut.rs,14.0,1,14,14
udemy.com,1.0,1,1,1
revealnews.org,6.0,1,6,6
umbrellaofsuspicion.com,1.0,1,1,1
rferl.org,15.0,1,15,15
umich.edu,3.0,1,3,3
un.org,129.0,1,129,129
wesh.com,8.0,1,8,8
rinf.com,94.0,1,94,94
roadsnacks.net,13.0,1,13,13
robertwwhitaker.com,12.0,1,12,12
rollcall.com,1.0,1,1,1
thefutureprimaeval.net,2.0,1,2,2
rooshv.com,4.0,1,4,4
rooshvforum.com,2.0,1,2,2
ropeculture.org,8.0,1,8,8
thehappening.info,40.0,1,40,40
researchgate.net,35.0,1,35,35
repubblica.it,3.0,1,3,3
rentajew.org,25.0,1,25,25
whitehonor.com,6.0,1,6,6
whitebiocentrism.com,1.0,1,1,1
thelibertarianalliance.com,5.0,1,5,5
redflagnews.com,166.0,1,166,166
whitakeronline.org,5.0,1,5,5
wh.gov,25.0,1,25,25
wgno.com,7.0,1,7,7
thejc.com,1.0,1,1,1
thejakartapost.com,2.0,1,2,2
ubc.ca,5.0,1,5,5
teachingamericanhistory.org,1.0,1,1,1
redstate.com,6.0,1,6,6
religiondispatches.org,10.0,1,10,10
thehindu.com,12.0,1,12,12
wfaa.com,9.0,1,9,9
wethevigilant.com,80.0,1,80,80
rense.com,10.0,1,10,10
roverradio.com,21.0,1,21,21
wesearchr.com,9.0,1,9,9
thecannabist.co,21.0,1,21,21
shanghaiist.com,40.0,1,40,40
webm.land,14.0,1,14,14
wearethenewmedia.com,21.0,1,21,21
searchengineland.com,17.0,1,17,17
seattle.gov,12.0,1,12,12
seattletimes.com,7.0,1,7,7
senate.gov,39.0,1,39,39
unionleader.com,4.0,1,4,4
thedailyaztec.com,6.0,1,6,6
shitposter.club,2.0,1,2,2
thefreethoughtproject.com,3.0,1,3,3
wdrb.com,3.0,1,3,3
theconversation.com,17.0,1,17,17
showbiz411.com,11.0,1,11,11
si.com,4.0,1,4,4
siliconrepublic.com,2.0,1,2,2
pastemagazine.com,4.0,1,4,4
sjwinsult.com,1.0,1,1,1
unzcloud.com,45.0,1,45,45
scmp.com,2.0,1,2,2
scirate.com,14.0,1,14,14
thedailymeal.com,14.0,1,14,14
thedingoes.xyz,6.0,1,6,6
wentworthreport.com,43.0,1,43,43
thefederalistpapers.org,9.0,1,9,9
rubinreport.com,2.0,1,2,2
rupe-india.org,4.0,1,4,4
rushlimbaugh.com,8.0,1,8,8
unamusementpark.com,7.0,1,7,7
unbeatablesale.com,72.0,1,72,72
weirdrussia.com,7.0,1,7,7
satanicamerican.com,10.0,1,10,10
schillerinstitute.org,16.0,1,16,16
uncomputing.org,14.0,1,14,14
uncw.edu,2.0,1,2,2
sciencealert.com,4.0,1,4,4
weeklystandard.com,4.0,1,4,4
unian.info,2.0,1,2,2
sciencevsfeminism.com,4.0,1,4,4
unifrance.org,17.0,1,17,17
,0.0,1,0,0
lukeford.net,1.0,1,1,1
parool.nl,10.0,1,10,10
cruxnow.com,35.0,1,35,35
constitution.com,22.0,1,22,22
contrast.news,2.0,1,2,2
coopercenter.org,1.0,1,1,1
councilmanic.us,1.0,1,1,1
countercurrentnews.com,16.0,1,16,16
counterjihad.com,1.0,1,1,1
counton2.com,29.0,1,29,29
cowichanvalleycitizen.com,3.0,1,3,3
coyoteblog.com,5.0,1,5,5
cphpost.dk,5.0,1,5,5
cppireland.org,4.0,1,4,4
crewechronicle.co.uk,8.0,1,8,8
crooksandliars.com,20.0,1,20,20
crossed-flag-pins.com,0.0,1,0,0
csusm.edu,7.0,1,7,7
conservative-headlines.com,53.0,1,53,53
curiosity.com,29.0,1,29,29
cw39.com,18.0,1,18,18
cyberpunkforums.com,4.0,1,4,4
dailycal.org,9.0,1,9,9
dailyevergreen.com,6.0,1,6,6
dailyinterlake.com,69.0,1,69,69
dailytexanonline.com,7.0,1,7,7
dangerousminds.net,4.0,1,4,4
darktriadman.com,6.0,1,6,6
dawn.com,5.0,1,5,5
dcclothesline.com,6.0,1,6,6
dci-palestine.org,4.0,1,4,4
dcleaks.com,1.0,1,1,1
debka.com,2.0,1,2,2
conservativedailypost.com,180.0,1,180,180
conne-island.de,23.0,1,23,23
cbsistatic.com,6.0,1,6,6
christiantoday.com,6.0,1,6,6
ccru.net,3.0,1,3,3
celebritytypes.com,6.0,1,6,6
centerforsecuritypolicy.org,41.0,1,41,41
channel3000.com,10.0,1,10,10
channel4.com,3.0,1,3,3
charismanews.com,3.0,1,3,3
charlierose.com,9.0,1,9,9
charlotteobserver.com,25.0,1,25,25
chartsbin.com,9.0,1,9,9
chicagoreader.com,16.0,1,16,16
chippewa.com,7.0,1,7,7
chomsky.info,2.0,1,2,2
christianitytoday.com,7.0,1,7,7
christianpost.com,19.0,1,19,19
christophercantwell.com,8.0,1,8,8
congress.gov,42.0,1,42,42
chronicle.com,2.0,1,2,2
chublicopinion.com,5.0,1,5,5
churchpop.com,9.0,1,9,9
civilliberty.org.uk,15.0,1,15,15
cjr.org,6.0,1,6,6
clarionproject.org,5.0,1,5,5
climatedepot.com,8.0,1,8,8
clutchmagonline.com,103.0,1,103,103
codoh.com,13.0,1,13,13
coinbase.com,239.0,1,239,239
coincidencedetector.com,22.0,1,22,22
colchestercollection.com,7.0,1,7,7
coloradopeakpolitics.com,6.0,1,6,6
comicvine.com,2.0,1,2,2
declinecast.com,4.0,1,4,4
defconwarningsystem.com,1.0,1,1,1
demilked.com,49.0,1,49,49
everywritersresource.com,8.0,1,8,8
erooups.com,10.0,1,10,10
espnmediazone.com,16.0,1,16,16
essence.com,61.0,1,61,61
eugenics.net,10.0,1,10,10
eurofolkradio.com,4.0,1,4,4
euronews.com,2.0,1,2,2
europe1.fr,11.0,1,11,11
europeanpost.co,2.0,1,2,2
eurozine.com,7.0,1,7,7
eutimes.net,3.0,1,3,3
evalion.org,8.0,1,8,8
evalooms.com,5.0,1,5,5
eventbrite.com,22.0,1,22,22
everywomanweekly.com,1.0,1,1,1
evonomics.com,3.0,1,3,3
democraticunderground.com,0.0,1,0,0
ewtn.com,0.0,1,0,0
expressbusinessdirectory.com,1.0,1,1,1
f169bbs.com,1.0,1,1,1
factsareracist.com,14.0,1,14,14
fairus.org,14.0,1,14,14
faithandheritage.com,12.0,1,12,12
fakehatecrimes.org,12.0,1,12,12
fastcompany.com,5.0,1,5,5
fdesouche.com,83.0,1,83,83
feastofhateandfear.com,1.0,1,1,1
feelguide.com,9.0,1,9,9
field-journal.com,17.0,1,17,17
firstthings.com,5.0,1,5,5
flawlesslogic.com,7.0,1,7,7
epochtimes.de,31.0,1,31,31
epistocracy.com,4.0,1,4,4
emilkirkegaard.dk,5.0,1,5,5
eltiempo.com,2.0,1,2,2
departed.co,1.0,1,1,1
deredactie.be,2.0,1,2,2
deseretnews.com,7.0,1,7,7
desmoinesregister.com,36.0,1,36,36
discord.me,5.0,1,5,5
discordapp.com,9.0,1,9,9
discoverthenetworks.org,6.0,1,6,6
disrupter.media,24.0,1,24,24
diva-portal.org,1.0,1,1,1
divergenews.com,44.0,1,44,44
dmu.ac.uk,3.0,1,3,3
dni.gov,18.0,1,18,18
docdroid.net,1.0,1,1,1
documentingreality.com,13.0,1,13,13
donorbox.org,77.0,1,77,77
dreamindemon.com,47.0,1,47,47
drexel.edu,32.0,1,32,32
duke.edu,8.0,1,8,8
dumpert.nl,3.0,1,3,3
eaglerising.com,0.0,1,0,0
eagnews.org,16.0,1,16,16
earthlymission.com,14.0,1,14,14
ebayimg.com,39.0,1,39,39
ecms.pl,5.0,1,5,5
economicsdetective.com,17.0,1,17,17
edweek.org,3.0,1,3,3
edwest.co.uk,10.0,1,10,10
efukt.com,2.0,1,2,2
electronicintifada.net,3.0,1,3,3
cc.com,3.0,1,3,3
cbs.nl,25.0,1,25,25
flyergroup.com,13.0,1,13,13
anonm.gr,1.0,1,1,1
americanfreepress.net,8.0,1,8,8
americanmilitarynews.com,86.0,1,86,86
americasfinaldays.net,35.0,1,35,35
americasquarterly.org,6.0,1,6,6
amishamerica.com,16.0,1,16,16
amnation.com,4.0,1,4,4
anaturalreaction.com,3.0,1,3,3
ancient-origins.net,7.0,1,7,7
andrewbatson.com,8.0,1,8,8
andrewcarringtonhitchcock.com,6.0,1,6,6
angryasianman.com,11.0,1,11,11
angrywhitemen.org,24.0,1,24,24
angusreid.org,10.0,1,10,10
anncoulter.com,47.0,1,47,47
answcdn.com,11.0,1,11,11
altrighttoday.com,2.0,1,2,2
answeringmuslims.com,13.0,1,13,13
antifascistnews.net,16.0,1,16,16
antizionistleague.com,3.0,1,3,3
apfn.org,1.0,1,1,1
apikabu.ru,3.0,1,3,3
apple.com,2.0,1,2,2
arabamericannews.com,92.0,1,92,92
archaeologyinbulgaria.com,21.0,1,21,21
archive.li,2.0,1,2,2
archive.today,11.0,1,11,11
arkansasonline.com,39.0,1,39,39
arstechnica.co.uk,6.0,1,6,6
artnet.com,85.0,1,85,85
arxiv.org,13.0,1,13,13
amazon.ca,10.0,1,10,10
altright.net,6.0,1,6,6
cbn.com,34.0,1,34,34
adultswim.com,15.0,1,15,15
10news.dk,280.0,1,280,280
270towin.com,102.0,1,102,102
2ch.hk,28.0,1,28,28
4dsply.com,1.0,1,1,1
4pt.su,19.0,1,19,19
6abc.com,76.0,1,76,76
6amcrisis.com,17.0,1,17,17
abbevilleinstitute.org,0.0,1,0,0
abc-7.com,1.0,1,1,1
abc15.com,8.0,1,8,8
abc3340.com,6.0,1,6,6
abc7chicago.com,25.0,1,25,25
activistpost.com,40.0,1,40,40
adage.com,2.0,1,2,2
afp.com,2.0,1,2,2
altervista.org,26.0,1,26,26
africaindata.org,43.0,1,43,43
afropunk.com,1.0,1,1,1
afsp.org,139.0,1,139,139
ajc.com,4.0,1,4,4
akademiai.com,43.0,1,43,43
alberta-citizens-coalition.com,5.0,1,5,5
alexa.com,3.0,1,3,3
alexlinder.com,1.0,1,1,1
algemeiner.com,39.0,1,39,39
alltherooms.com,10.0,1,10,10
allthink.com,4.0,1,4,4
alreporter.com,5.0,1,5,5
alt-right.ca,7.0,1,7,7
alt-right.site,5.0,1,5,5
aryanism.net,2.0,1,2,2
asiancorrespondent.com,8.0,1,8,8
atavisticintelligentsia.us,28.0,1,28,28
breaking911.com,3.0,1,3,3
blogspot.dk,19.0,1,19,19
blogspot.fr,1.0,1,1,1
blogspot.in,1.0,1,1,1
blogspot.jp,1.0,1,1,1
blogspot.no,1.0,1,1,1
blogspot.pt,7.0,1,7,7
blogtalkradio.com,15.0,1,15,15
bluelivesmatter.blue,6.0,1,6,6
bluntforcetruth.com,3.0,1,3,3
boards.ie,4.0,1,4,4
boiseweekly.com,3.0,1,3,3
bold.global,1.0,1,1,1
born2invest.com,0.0,1,0,0
boston.com,2.0,1,2,2
brockpress.com,4.0,1,4,4
atlasofeuropeanvalues.eu,25.0,1,25,25
brookings.edu,3.0,1,3,3
brusselsjournal.com,2.0,1,2,2
brutalist.press,33.0,1,33,33
buffalonews.com,13.0,1,13,13
bullshit.ist,29.0,1,29,29
businesstech.co.za,20.0,1,20,20
bust.com,15.0,1,15,15
calvin.edu,6.0,1,6,6
campaign-archive1.com,3.0,1,3,3
capitalismmagazine.com,2.0,1,2,2
cartoonmovement.com,6.0,1,6,6
cas-sca.ca,8.0,1,8,8
case2skin.com,1.0,1,1,1
cases.com,118.0,1,118,118
blogspot.bg,17.0,1,17,17
blesk.cz,11.0,1,11,11
blacklivesmatterstl.com,15.0,1,15,15
blackblogs.org,33.0,1,33,33
awdnews.com,1.0,1,1,1
azurewebsites.net,4.0,1,4,4
babycentre.co.uk,20.0,1,20,20
babylonbee.com,3.0,1,3,3
balder.org,9.0,1,9,9
baltictimes.com,3.0,1,3,3
baltimoregazette.com,1.0,1,1,1
bamboo-delight.com,9.0,1,9,9
bangkokpost.com,15.0,1,15,15
barelyablog.com,6.0,1,6,6
barstoolsports.com,1.0,1,1,1
bastiat.org,1.0,1,1,1
baylor.edu,154.0,1,154,154
bbc.in,14.0,1,14,14
becandid.com,0.0,1,0,0
beritadaily.com,15.0,1,15,15
berniesanders.com,5.0,1,5,5
besacenter.org,8.0,1,8,8
bestgore.com,1.0,1,1,1
bfy.tw,1.0,1,1,1
biblebelievers.org.au,35.0,1,35,35
bigcartel.com,12.0,1,12,12
bigthink.com,3.0,1,3,3
billmoyers.com,21.0,1,21,21
billoreilly.com,7.0,1,7,7
biorxiv.org,12.0,1,12,12
bizjournals.com,4.0,1,4,4
biznews.com,5.0,1,5,5
bjs.gov,0.0,1,0,0
flickr.com,11.0,1,11,11
foreigndesknews.com,28.0,1,28,28
pagesix.com,4.0,1,4,4
manticore.press,2.0,1,2,2
ljplus.ru,22.0,1,22,22
loc.gov,8.0,1,8,8
lockerdome.com,158.0,1,158,158
loeser.us,3.0,1,3,3
longroom.com,5.0,1,5,5
longwarjournal.org,6.0,1,6,6
louderwithcrowder.com,81.0,1,81,81
lyndonlarouche.org,23.0,1,23,23
lyricsmode.com,77.0,1,77,77
macon.com,17.0,1,17,17
mademan.com,6.0,1,6,6
madewithopinion.com,1.0,1,1,1
madison365.com,1.0,1,1,1
magnatune.com,1.0,1,1,1
marginalrevolution.com,7.0,1,7,7
livememe.com,5.0,1,5,5
marketwatch.com,20.0,1,20,20
marriedmansexlife.com,5.0,1,5,5
martinlutherking.org,4.0,1,4,4
mathijskoenraadt.com,20.0,1,20,20
maxblumenthal.com,127.0,1,127,127
mcall.com,3.0,1,3,3
mediabent.com,30.0,1,30,30
medicaldaily.com,1.0,1,1,1
medicalxpress.com,0.0,1,0,0
megalithic.co.uk,4.0,1,4,4
memecdn.com,90.0,1,90,90
memecrunch.com,7.0,1,7,7
memesvault.com,2.0,1,2,2
metrocosm.com,67.0,1,67,67
liverpoolecho.co.uk,15.0,1,15,15
lipstickalley.com,1.0,1,1,1
kingjamesbibleonline.org,16.0,1,16,16
laopinion.com,1.0,1,1,1
kmov.com,29.0,1,29,29
kmuw.org,12.0,1,12,12
knowyourmeme.com,2.0,1,2,2
koco.com,122.0,1,122,122
kogodbusiness.com,11.0,1,11,11
kolotv.com,3.0,1,3,3
kopp-verlag.de,6.0,1,6,6
krauserpua.com,3.0,1,3,3
ktvb.com,1.0,1,1,1
kulr8.com,65.0,1,65,65
kuow.org,39.0,1,39,39
kxan.com,53.0,1,53,53
label56.com,12.0,1,12,12
lachschon.de,2.0,1,2,2
lareviewofbooks.org,9.0,1,9,9
linkedin.com,17.0,1,17,17
larryelder.com,7.0,1,7,7
lbccvikingnews.com,5.0,1,5,5
ld50gallery.com,1.0,1,1,1
leaderu.com,4.0,1,4,4
lefigaro.fr,1.0,1,1,1
legalinsurrection.com,5.0,1,5,5
lehighvalleylive.com,3.0,1,3,3
lesswrong.com,2.0,1,2,2
leta.lv,6.0,1,6,6
lgbtqnation.com,0.0,1,0,0
liberalsociety.com,17.0,1,17,17
libertyroundtable.com,8.0,1,8,8
lichess.org,0.0,1,0,0
lifehacker.com,5.0,1,5,5
metronews.ca,45.0,1,45,45
michaelmoore.com,4.0,1,4,4
microsofttranslator.com,10.0,1,10,10
nwt.se,1.0,1,1,1
newser.com,140.0,1,140,140
newsinc.com,3.0,1,3,3
newsobserver.com,10.0,1,10,10
niggar.io,1.0,1,1,1
nobodytm.com,4.0,1,4,4
non-intervention.com,11.0,1,11,11
northcrane.com,48.0,1,48,48
northwestern.edu,1.0,1,1,1
nos.nl,46.0,1,46,46
notey.com,22.0,1,22,22
nottingham.ac.uk,12.0,1,12,12
noxious.ca,5.0,1,5,5
npievents.com,39.0,1,39,39
nrk.no,0.0,1,0,0
ny.gov,6.0,1,6,6
middleeasteye.net,15.0,1,15,15
occidentinvicta.com,18.0,1,18,18
occupydemocrats.com,1.0,1,1,1
oe24.at,25.0,1,25,25
okcupid.com,78.0,1,78,78
onmilwaukee.com,24.0,1,24,24
onsizzle.com,368.0,1,368,368
oopih.com,9.0,1,9,9
opensecrets.org,9.0,1,9,9
opensocietyfoundations.org,1.0,1,1,1
order-order.com,8.0,1,8,8
orf.at,3.0,1,3,3
osf.io,2.0,1,2,2
outdoornews.com,64.0,1,64,64
outkickthecoverage.com,3.0,1,3,3
newschoolfreepress.com,5.0,1,5,5
newschannel5.com,1.0,1,1,1
newscenterusa.com,0.0,1,0,0
news-daily.com,20.0,1,20,20
millennialsmarch.com,14.0,1,14,14
mit.edu,3.0,1,3,3
modamerve.com,1.0,1,1,1
montrealgazette.com,27.0,1,27,27
moonofalabama.org,8.0,1,8,8
mostholyfamilymonastery.com,37.0,1,37,37
mourningtheancient.com,2.0,1,2,2
mozilla.org,9.0,1,9,9
mubzonline.com,2.0,1,2,2
mumdadandkids.eu,5.0,1,5,5
myfreshnews.com,1.0,1,1,1
mynbc5.com,16.0,1,16,16
mystatesman.com,3.0,1,3,3
nana10.co.il,96.0,1,96,96
nasa.gov,15.0,1,15,15
nasdaq.com,1.0,1,1,1
nationalinterest.org,6.0,1,6,6
nationalsynergistparty.org,9.0,1,9,9
nbc26.com,3.0,1,3,3
nbc4i.com,15.0,1,15,15
nbcwashington.com,2.0,1,2,2
ndtv.com,6.0,1,6,6
neoreaction.net,7.0,1,7,7
netdna-ssl.com,15.0,1,15,15
newadvent.org,6.0,1,6,6
newenglishreview.org,20.0,1,20,20
newgrounds.com,4.0,1,4,4
newnation.org,49.0,1,49,49
newnationalist.net,66.0,1,66,66
kiro7.com,3.0,1,3,3
khaleejtimes.com,18.0,1,18,18
forharriet.com,33.0,1,33,33
hestiasociety.org,4.0,1,4,4
guim.co.uk,55.0,1,55,55
gunrightsmatter.com,21.0,1,21,21
gunsfortards.com,9.0,1,9,9
gutenberg.org,12.0,1,12,12
gwu.edu,5.0,1,5,5
hannity.com,13.0,1,13,13
happierabroad.com,2.0,1,2,2
harambeunderground.com,5.0,1,5,5
hartford.edu,7.0,1,7,7
harvardmagazine.com,7.0,1,7,7
hbr.org,11.0,1,11,11
heat.st,10.0,1,10,10
henrydampier.com,1.0,1,1,1
heretical.com,1.0,1,1,1
hiddenlol.com,2.0,1,2,2
grandparents.com,69.0,1,69,69
hiddenremote.com,1.0,1,1,1
hillarysamericathemovie.com,3.0,1,3,3
hipsterhitler.com,5.0,1,5,5
hipsterjew.com,14.0,1,14,14
history.com,1.0,1,1,1
historyinanhour.com,0.0,1,0,0
historynewsnetwork.org,6.0,1,6,6
hitler.org,13.0,1,13,13
hitlerorchurchill.info,14.0,1,14,14
holodomorinfo.com,9.0,1,9,9
hopenothate.org.uk,32.0,1,32,32
hoplofobia.info,11.0,1,11,11
house.gov,19.0,1,19,19
huffingtonpost.ca,15.0,1,15,15
greekreporter.com,4.0,1,4,4
gq.com,9.0,1,9,9
kfor.com,40.0,1,40,40
fucktheprotesters.com,1.0,1,1,1
fort-russ.com,20.0,1,20,20
fourwinds10.net,37.0,1,37,37
fox10phoenix.com,27.0,1,27,27
fox35orlando.com,10.0,1,10,10
fox5dc.com,105.0,1,105,105
fox61.com,37.0,1,37,37
fox6now.com,190.0,1,190,190
foxbusiness.com,1.0,1,1,1
fpp.co.uk,5.0,1,5,5
freedomdaily.com,80.0,1,80,80
freedomoutpost.com,13.0,1,13,13
freewestmedia.com,104.0,1,104,104
frontiersin.org,4.0,1,4,4
fs.fed.us,1.0,1,1,1
furredreichblog.com,2.0,1,2,2
gothamist.com,12.0,1,12,12
gab.ai,11.0,1,11,11
gardenandgreen.co.uk,46.0,1,46,46
gazr.co,109.0,1,109,109
geert-hofstede.com,6.0,1,6,6
gefira.org,9.0,1,9,9
genocide.org,2.0,1,2,2
geopolmonitor.com,1.0,1,1,1
github.io,12.0,1,12,12
globalnews.asia,0.0,1,0,0
gnxp.com,4.0,1,4,4
gocomics.com,6.0,1,6,6
gogostickers.com,5.0,1,5,5
goodreads.com,2.0,1,2,2
googleusercontent.com,13.0,1,13,13
huffingtonpost.com.au,2.0,1,2,2
hulldailymail.co.uk,17.0,1,17,17
humanbiologicaldiversity.com,11.0,1,11,11
jezebel.com,17.0,1,17,17
izismile.com,59.0,1,59,59
jamaicaobserver.com,25.0,1,25,25
jamestown.org,15.0,1,15,15
japantimes.co.jp,62.0,1,62,62
jasonrichwine.com,4.0,1,4,4
jconline.com,41.0,1,41,41
jerusalemonline.com,8.0,1,8,8
jesusisbuddha.com,0.0,1,0,0
jesusisprecious.org,4.0,1,4,4
jewishinsider.com,8.0,1,8,8
jewishpress.com,3.0,1,3,3
jewishquarterly.org,57.0,1,57,57
jewornotjew.com,1.0,1,1,1
jewtube.com,1.0,1,1,1
jns.org,40.0,1,40,40
humansarefree.com,229.0,1,229,229
jomsvikings.com,31.0,1,31,31
jonathans-stories.com,8.0,1,8,8
jsonline.com,8.0,1,8,8
jstor.org,4.0,1,4,4
jstreet.org,5.0,1,5,5
judas.watch,4.0,1,4,4
justice.gov,6.0,1,6,6
jwplatform.com,7.0,1,7,7
kaivuri.info,1.0,1,1,1
kansas.com,8.0,1,8,8
kelownanow.com,33.0,1,33,33
kentucky.com,41.0,1,41,41
kevinmacdonald.net,24.0,1,24,24
keyetv.com,37.0,1,37,37
iza.org,5.0,1,5,5
itv.com,103.0,1,103,103
israelsinfluence.org,3.0,1,3,3
israelevolves.com,1.0,1,1,1
hypeline.org,6.0,1,6,6
iagovar.com,37.0,1,37,37
ias.edu,53.0,1,53,53
ibiblio.org,3.0,1,3,3
icann.org,7.0,1,7,7
iflscience.com,36.0,1,36,36
ilgiornale.it,2.0,1,2,2
ilknowledge.com,1.0,1,1,1
iltasanomat.fi,50.0,1,50,50
imdb.com,45.0,1,45,45
imf.org,1.0,1,1,1
imger.cf,1.0,1,1,1
imgnet.co,132.0,1,132,132
imgsafe.org,6.0,1,6,6
inbodyexperience.com,0.0,1,0,0
incogman.net,13.0,1,13,13
inconvenienthistory.com,13.0,1,13,13
independentsentinel.com,5.0,1,5,5
indiewire.com,2.0,1,2,2
inserbia.info,10.0,1,10,10
intellectualtakeout.org,87.0,1,87,87
inverse.com,5.0,1,5,5
investigativeproject.org,14.0,1,14,14
investmentnews.com,9.0,1,9,9
investmentwatchblog.com,42.0,1,42,42
iptv.org,12.0,1,12,12
iq-research.info,44.0,1,44,44
irishcentral.com,57.0,1,57,57
isidewith.com,0.0,1,0,0
zpp.net.pl,4.0,1,4,4
